input_row_key,input_company_name,input_main_country_code,input_main_country,input_main_region,input_main_city,input_main_postcode,input_main_street,input_main_street_number,chosen_veridion_id,chosen_company_name,main_country_code,main_country,main_region,main_city,main_postcode,main_street,main_street_number,website_domain,website_url,primary_phone,employee_count,revenue,main_industry,main_business_category,created_at,last_updated_at,chosen_score,score_margin,name_sim,country_match,city_match,postcode_match,street_match,number_match,susp_tld,tld,country_mismatch,low_conf,needs_review,review_reasons
106,CONSCIA DANMARK A/S,DK,Denmark,Capital Region Of Denmark,Glostrup,2605,Kirkebjerg Parkvej,9,33c93c45-a7e0-11ef-af89-216a077ca7fb,Conscia Danmark A/S.,DK,Denmark,Region Zealand,Ringsted,4100,,,laugesen.io,https://laugesen.io/,4531629348.0,,,Freight Transport,Trucking and Logistics,2024-11-15T05:11:28.000Z,2024-12-03T19:02:27.000Z,0.75,0.027513513513513388,1.0,1.0,0.0,0.0,0.0,0.0,False,io,False,True,True,low_confidence
110,"COURSERA, INC.",US,United States,California,Mountain View,94041,East Evelyn Avenue,381,7e044e20-93e4-11eb-8474-3bbe2d07207d,Coursera,US,United States,California,Mountain View,94041,East Evelyn Avenue,381,coursera.org,https://www.coursera.org/,16509639884.0,1295.0,636000000.0,Education,Colleges & Universities,2019-11-24T03:26:47.000Z,2025-04-15T15:55:18.000Z,0.9860000000000001,0.0,1.0,1.0,1.0,1.0,0.8,1.0,False,org,False,True,True,low_confidence
113,CRAYON PTE. LTD.,SG,Singapore,,,,,,6a476573-fc5f-11ed-8ac7-07e1fa4e1850,Crayon Creation,SG,Singapore,,,,,,crayon.sg,https://crayon.sg/,,1.0,,Blogs & Publications,Educational Publications,2023-05-27T06:42:29.000Z,2024-08-02T07:50:30.000Z,0.6142857142857142,0.026050420168067023,0.5714285714285714,1.0,1.0,0.0,0.0,0.0,False,sg,False,True,True,low_confidence
114,"CROWDSTRIKE SERVICES, INC.",US,United States,California,Sunnyvale,94086,Mathilda Place,150,01be7de3-0c24-11ec-aa7c-a3d935d57c91,CrowdStrike,US,United States,California,Sunnyvale,94086,Mathilda Place,150,mdcoin.net,https://www.mdcoin.net/,18885128906.0,,,Software & IT Services,Tech Companies,2019-11-26T22:56:08.000Z,2025-04-17T13:04:28.810Z,0.8263225806451614,0.0,0.7096774193548387,1.0,1.0,1.0,0.8,1.0,False,net,False,True,True,low_confidence
118,BONNIER BUSINESS PRESS A/S,DK,Denmark,Capital Region Of Denmark,Copenhagen,1116,Møntergade,19,d73874c7-93e4-11eb-a736-0f5b20ecb2f1,Bonnier Magazine Data,DK,Denmark,Capital Region Of Denmark,Copenhagen,2100,Strandboulevarden,122,bm-data.com,https://www.bm-data.com/,4539172000.0,20.0,3960356.0,Newspapers & Magazines,Newspapers & Magazines,2020-05-06T14:58:18.000Z,2025-03-29T07:38:11.385Z,0.6042553191489363,0.0182553191489363,0.5531914893617021,1.0,1.0,0.0,0.0,0.0,False,com,False,True,True,low_confidence
119,DAILY JURRAT,PK,Pakistan,Punjab,Civil Lines,54010,Abbott Road,14,274fad6c-c92c-11ef-b92c-292a20d200b3,Gorila Products,PK,Pakistan,Punjab,Civil Lines,54010,Abbott Road,,gorilaproducts.com,https://gorilaproducts.com/,923230483686.0,,,Other Nondurable Products,Cleaning Equipment & Supplies,2024-08-26T01:23:40.000Z,2024-08-31T02:41:57.000Z,0.6097037037037039,0.02709500805152998,0.37037037037037035,1.0,1.0,1.0,0.8,0.0,False,com,False,True,True,low_confidence
124,DEAS A/S,DK,Denmark,Capital Region Of Denmark,Frederiksberg Municipality,2000,Dirch Passers Allé,76,08e9dc7d-93e5-11eb-919a-b3f9a5ad205c,DEAS Group,DK,Denmark,Capital Region Of Denmark,Frederiksberg,2000,Dirch Passers Allé,76,deas.dk,https://deas.dk/da,,850.0,295469632.0,Real Estate - Agents & Managers,Real Estate - Agents & Managers,2020-08-21T11:46:29.000Z,2024-11-21T00:22:53.522Z,0.6915555555555557,0.04003831417624515,0.5555555555555556,1.0,0.5,1.0,0.8,1.0,False,dk,False,True,True,low_confidence
129,DELL PRODUCTS,IE,Ireland,,,,,,0e7148d3-f82f-11ed-ad06-ab02ea1aeed6,Promac Products,IE,Ireland,Leinster,Ferns,Y21 AE80,L1014,,,,353539367510.0,,,Clothing,Fashion Accessories,2023-05-21T23:25:16.435Z,2025-04-17T07:21:42.857Z,0.5535714285714286,0.001571428571428557,0.6428571428571429,1.0,0.0,0.0,0.0,0.0,False,,False,True,True,low_confidence
130,DELOITTE ADVOKATFIRMA AS,NO,Norway,Oslo,Oslo,0191,Dronning Eufemias Gate,14,b69603af-1aff-11ec-bc98-195cbdc2446a,Deloitte Norge,NO,Norway,Oslo,Oslo,0191,Dronning Eufemias Gate,14,deloitte.no,http://www.deloitte.no/?opi=79508299&sa=U&ved=0ahUKEwiFwZ3V1quMAxValokEHbfFE-sQ61gIFCgQ&usg=AOvVaw1mrNGUeUDJuiYxHwgqhTP6,4723279000.0,,,Accountants & Tax Services,Accounting & Bookkeeping Services,2021-12-14T21:39:23.000Z,2025-03-28T02:16:33.403Z,0.7817142857142859,0.01978835978835991,0.6285714285714286,1.0,1.0,1.0,0.8,1.0,False,no,False,True,True,low_confidence
134,"DELTA EJENDOM, AALBORG A/S",DK,Denmark,North Denmark Region,Aalborg Municipality,9000,Skibbrogade,3 3,0ede7fca-2dc6-11ec-b49b-63e83532064d,Aalborg Engineering A/S.,DK,Denmark,North Denmark Region,Aalborg,9200,Sofiendalsvej,93,,,4596313950.0,,,Engineering Services,Other Engineering Services,2021-12-08T16:23:24.000Z,2025-04-17T20:01:43.514Z,0.525,0.01918604651162792,0.5,1.0,0.5,0.0,0.0,0.0,False,,False,True,True,low_confidence
140,DIGI TELECOMMUNICATIONS SDN BHD,MY,Malaysia,,,,,,c2b35013-93e4-11eb-b997-8dd98d09cf25,DiGi Telecommunications,MY,Malaysia,Selangor,Petaling Jaya,47400,Jalan SS 4C/10,2137,celcomdigi.com,https://www.celcomdigi.com/,60162211800.0,1473.0,1396809088.0,Telecommunication Services,Telecommunications,2020-04-26T10:21:11.000Z,2025-04-04T11:44:14.609Z,0.6685185185185185,0.0013952308472855446,0.8518518518518519,1.0,0.0,0.0,0.0,0.0,False,com,False,True,True,low_confidence
143,DNA OYJ,FI,Finland,,,,,,3bb843df-d538-11ed-a180-99bd30d92bb6,DNA tester,FI,Finland,,,,,,dnatester.fi,https://dnatester.fi/,,75.0,11813433.0,Hospitals & Clinics,Medical Laboratories,2023-04-07T01:48:20.000Z,2024-11-02T02:38:35.000Z,0.5588235294117647,0.028823529411764692,0.47058823529411764,1.0,1.0,0.0,0.0,0.0,False,fi,False,True,True,low_confidence
145,"DET NORSKE VERITAS, BUSINESS ASSURANCE, DANMARK A/S",DK,Denmark,Capital Region Of Denmark,Gentofte Municipality,2900,Tuborg Parkvej,8 2,8bcafce7-fd80-11ec-b001-69323b7ad0d1,Dansk System Assurance A/S.,DK,Denmark,Capital Region Of Denmark,Frederiksberg,2000,Allégade,19,dsa-forsikringsmaeglere.dk,https://dsa-forsikringsmaeglere.dk/,4533796060.0,,,Insurance,"Insurance - Agents, Carriers & Brokers",2022-07-06T12:55:19.000Z,2025-03-27T07:24:05.237Z,0.47866666666666674,0.04627230046948361,0.5066666666666667,1.0,0.0,0.0,0.0,0.0,False,dk,False,True,True,low_confidence
153,"Eastcompeace Technology Co.,Ltd",CN,China,Guangdong Province,Zhuhai,,,,9a1b9e1e-060f-11ec-a331-7bdbffe70970,Eastcompeace,CN,China,Guangdong Province,Zhuhai,,,,pi-robotics.com,http://pi-robotics.com/,867568682166.0,200.0,29372260.0,Telecommunication Services,Cable & Internet Providers,2021-08-25T14:32:30.000Z,2024-06-04T21:42:31.000Z,0.6771428571428572,0.0,0.6857142857142857,1.0,1.0,0.0,0.0,0.0,False,com,False,True,True,low_confidence
157,Edotco Group Sdn. Bhd.,MY,Malaysia,Kuala Lumpur,Kuala Lumpur,50470,,,c01a55bf-93e4-11eb-9937-4fab995bf8ff,EDOTCO Group,MY,Malaysia,Selangor,Shah Alam,40150,Jalan Saujana Indah 3,2,,,60322621388.0,1400.0,500000000.0,Telecommunication Services,Telecommunications,2019-11-24T10:34:54.000Z,2025-03-10T09:50:18.000Z,0.6125,0.015202702702702742,0.75,1.0,0.0,0.0,0.0,0.0,False,,False,True,True,low_confidence
158,EDOTCO TOWERS PAKISTAN (PRIVATE) LIMITED,PK,Pakistan,,,,,,02a936d3-93e5-11eb-b4a6-27899be4e45d,Pharma Consultant Pakistan,PK,Pakistan,Punjab,Lahore,54000,Allama Shabbir Usmani Road,,pharmaconsultantpakistan.com,https://pharmaconsultantpakistan.com/,923219447528.0,13.0,63653.0,Business Consulting,Business Consulting,2019-11-23T23:18:10.000Z,2025-04-20T06:39:54.374Z,0.4357142857142857,0.09571428571428575,0.42857142857142855,1.0,0.0,0.0,0.0,0.0,False,com,False,True,True,low_confidence
159,Egencia Denmark A/S,DK,Denmark,Capital Region Of Denmark,Elsinore,3000,19,19,386ddce7-93e5-11eb-b4a6-27899be4e45d,Egencia,DK,Denmark,Region Of Southern Denmark,Odense,5000,Kongensgade,66-68,egencia.dk,https://www.egencia.dk/,4543327263.0,,,Travel Agencies,Travel Agencies,2020-04-30T13:13:04.000Z,2025-04-01T00:39:00.350Z,0.49615384615384617,0.17043956043956043,0.5384615384615384,1.0,0.0,0.0,0.0,0.0,False,dk,False,True,True,low_confidence
16,ADECCO PERSONNEL PTE LTD,SG,Singapore,,,,,,8a652942-f9d1-11ed-9ca4-4b290c9d084b,Adecco Singapore Pte. Ltd.,SG,Singapore,Southwest,,640502,Jurong West Avenue 1,502,,,6565603353.0,,,HR Services,Employment Agencies & HR Consulting,2023-05-24T01:20:49.461Z,2025-03-28T04:25:14.881Z,0.609375,0.009375000000000022,0.5625,1.0,1.0,0.0,0.0,0.0,False,,False,True,True,low_confidence
160,EGENCIA LLC,US,United States,Florida,,,,,61aa4157-4588-11ed-9ac3-0bfc898c3189,Egencia,,,,,,,,boksi3.site,https://boksi3.site/,,,,Travel Agencies,Travel Agencies,2022-10-06T14:22:00.000Z,2023-06-26T17:43:16.000Z,0.65,0.09999999999999998,1.0,0.0,1.0,0.0,0.0,0.0,True,site,True,False,True,"country_mismatch,suspicious_tld"
162,Egencia Sweden AB,SE,Sweden,Stockholm County,Stockholm,117 43,Fredsborgsgatan,24,49c538c1-0505-11ec-8ca3-7ba9e5b40c47,Egencia Switzerland,GB,United Kingdom,England,London,E14 5HU,Churchill Place,5,egencia.ch,https://www.egencia.ch/,,,,Travel Agencies,Travel Agencies,2021-08-24T06:02:50.000Z,2024-11-08T13:19:55.000Z,0.4,0.033333333333333326,0.7272727272727273,0.0,0.0,0.0,0.0,0.0,False,ch,True,True,True,"low_confidence,country_mismatch"
163,Egeneration Limited,BD,Bangladesh,Dhaka Division,Dhaka,,,,9ade0445-93e4-11eb-8ad6-7326edce8d21,eGeneration,BD,Bangladesh,Dhaka Division,Dhaka,1212,Pragati Sarani,level 9,egeneration.co,https://egeneration.co/,8801768415522.0,140.0,1361697.0,Software & IT Services,Tech Companies,2019-11-25T13:49:59.000Z,2025-04-17T20:24:37.798Z,0.85,0.0,1.0,1.0,1.0,0.0,0.0,0.0,False,co,False,True,True,low_confidence
168,ENERGI HOBRO TELE A/S,DK,Denmark,Central Denmark Region,Silkeborg,8600,Tietgensvej,4,08a30f82-93e5-11eb-b5f6-816dd10ac7b0,Eniig Energi Naturgas,DK,Denmark,Central Denmark Region,Silkeborg,8600,Tietgensvej,4,eniig.com,https://www.eniig.com/,4570150060.0,2500.0,1186840704.0,Telecommunication Services,Cable & Internet Providers,2019-11-24T10:42:50.000Z,2024-11-08T07:14:00.419Z,0.697904761904762,0.01351766513056829,0.47619047619047616,1.0,1.0,1.0,0.8,1.0,False,com,False,True,True,low_confidence
169,Enreach Campaigns A/S,DK,Denmark,Capital Region Of Denmark,Gladsaxe Municipality,2860,Tobaksvejen,25,dd63e4c0-93e4-11eb-8ad6-7326edce8d21,Campaigns,DK,Denmark,Capital Region Of Denmark,Copenhagen,1434,Danneskiold-Samsøes Allé,24,campaigns.dk,http://www.campaigns.dk/,4570701317.0,1.0,211727.0,Marketing & Advertising Agencies,Digital & Marketing Agencies,2020-05-28T20:34:31.000Z,2024-12-01T20:09:40.000Z,0.53,0.03789473684210526,0.6,1.0,0.0,0.0,0.0,0.0,False,dk,False,True,True,low_confidence
170,Ericsson (Malaysia) Sdn. Bhd.,MY,Malaysia,Selangor,Petaling Jaya,46150,,,03f8d710-588f-11ec-a973-1debdfc94bd7,Ericsson Telecommunications Sdn. Bhd.,MY,Malaysia,Selangor,Shah Alam,40200,Jalan Renggam 15/5,2,,,60355196257.0,,,Telecommunication Services,Telecommunications,2021-12-09T00:36:27.000Z,2025-04-18T08:36:17.127Z,0.5666666666666667,0.025287356321838983,0.6666666666666666,1.0,0.0,0.0,0.0,0.0,False,,False,True,True,low_confidence
172,ERICSSON AB,SE,Sweden,,,,,,0332d405-f8c2-11ed-bfe7-b13fb516b9f1,Ericsson,SE,Sweden,Östergötland County,Motala,591 61,Dynamovägen,2,,,46107190000.0,,,Software & IT Services,Tech Companies,2023-05-22T16:57:58.101Z,2025-03-29T05:59:01.520Z,0.75,0.0,1.0,1.0,0.0,0.0,0.0,0.0,False,,False,True,True,low_confidence
174,ERICSSON DANMARK A/S,DK,Denmark,Capital Region Of Denmark,Copenhagen,2300,Ørestads Boulevard,108,36729930-2d35-11ed-98d8-c5babc9e48bf,Ericsson,DK,Denmark,Capital Region Of Denmark,Taastrup,2630,Bohus Boulevard,3,,,4533883388.0,,,Software & IT Services,Tech Companies,2021-08-21T09:07:09.000Z,2025-04-20T20:32:55.585Z,0.5142857142857142,0.047619047619047505,0.5714285714285714,1.0,0.0,0.0,0.0,0.0,False,,False,True,True,low_confidence
175,ERNST & YOUNG LLP,SG,Singapore,Central,Singapore,048583,Raffles Quay,1,01a05990-08db-11ee-a82b-313aff40d3b6,ERNST & YOUNG CC,GB,United Kingdom,England,London,NW8 8QZ,St. Johns Wood Road,Lords Cricket Ground,ernstandyoung.play-cricket.com,https://ernstandyoung.play-cricket.com/home,,15.0,3439770.0,Sports,"Sports & Leisure - Clubs, Fields & Pitches",2023-06-12T03:49:54.000Z,2024-11-29T13:47:34.000Z,0.47567567567567576,0.031231231231231282,0.8648648648648649,0.0,0.0,0.0,0.0,0.0,False,com,True,True,True,"low_confidence,country_mismatch"
181,EWORK NORDIC ApS,DK,Denmark,Capital Region Of Denmark,Copenhagen,1609,Axeltorv,2F,c2b5c128-93e4-11eb-8ad6-7326edce8d21,NORDIC MEDICAL SOLUTIONS,DK,Denmark,Capital Region Of Denmark,Copenhagen,1609,Axeltorv,2F,nordicms.com,https://www.nordicms.com/,4573707880.0,20.0,15595274.0,Medical Equipment & Supplies,Medical Supply Manufacturers,2019-11-23T23:29:27.000Z,2025-03-28T08:18:36.140Z,0.6835000000000001,0.0379761904761905,0.45,1.0,1.0,1.0,0.8,1.0,False,com,False,True,True,low_confidence
182,EWORK GROUP NORWAY AS,NO,Norway,Oslo,Oslo,0158,Akersgata,16,ef614d16-93e4-11eb-aa66-9b8d95e2171b,Universal Music,NO,Norway,Oslo,Oslo,0180,Akersgata,34,universalmusic.no,https://universalmusic.no/,4722541400.0,1.0,1330505.0,Art & Music Publishers,Art & Music Publishers,2019-12-04T11:45:00.000Z,2025-03-28T04:17:18.154Z,0.48933333333333334,0.04209195402298854,0.24242424242424243,1.0,1.0,0.0,0.8,0.0,False,no,False,True,True,low_confidence
188,FACEBOOK IRELAND LIMITED,IE,Ireland,Leinster,Dublin,,,,bbc22cb4-f88f-11ed-8b62-8d44f5b628fe,Facebook 3,IE,Ireland,Leinster,Dublin 3,D03 AY74,East Road,,,,35314434342.0,,,,,2023-05-22T10:58:02.752Z,2025-04-20T10:36:16.791Z,0.6307692307692309,0.0015009380863039157,0.6923076923076923,1.0,0.5,0.0,0.0,0.0,False,,False,True,True,low_confidence
189,Falck Danmark A/S,DK,Denmark,Capital Region Of Denmark,Copenhagen,2450,Sydhavnsgade,18,e9312230-93e4-11eb-86dd-ffbd1b53140e,Falck,DK,Denmark,Capital Region Of Denmark,Copenhagen,2450,Sydhavnsgade,18,falck.com,https://www.falck.com/,4533152957.0,26250.0,9400000.0,Hospitals & Clinics,Ambulances & Rescue Squads,2019-11-24T01:59:32.000Z,2025-04-07T14:11:27.000Z,0.6860000000000002,0.009333333333333416,0.45454545454545453,1.0,1.0,1.0,0.8,1.0,False,com,False,True,True,low_confidence
190,Fastbridge Malaysia Sdn Bhd,MY,Malaysia,Selangor,Petaling Jaya,46100,Jalan 51A/223,,4cba9ee5-a61b-11ed-aaa4-6b695d8a952d,Siab M Sdn Bhd.,MY,Malaysia,Selangor,Petaling Jaya,46100,Jalan 51A/223,18a,,,60379551028.0,,,,,2023-02-06T12:38:57.505Z,2025-04-04T11:38:26.208Z,0.7011219512195124,0.03930799773114013,0.5365853658536586,1.0,1.0,1.0,0.8,0.0,False,,False,True,True,low_confidence
194,DANSK HALON TEKNIK ApS,DK,Denmark,Capital Region Of Denmark,Hillerød,3400,Vølundsvej,17,149e2513-aac5-11ef-8555-0dd834e09bbc,Dansk Iso Teknik,DK,Denmark,Capital Region Of Denmark,Ballerup,2750,Høstbuen,17,isoteknik.dk,https://isoteknik.dk/,4542672513.0,14.0,2426824.0,Finishing Contractors,Drywall & Insulation Contractors,2024-11-24T16:31:21.000Z,2024-11-26T10:42:50.000Z,0.6352631578947369,0.000379436964504265,0.7368421052631579,1.0,0.0,0.0,0.0,1.0,False,dk,False,True,True,low_confidence
199,GBT TRAVEL SERVICES UK LIMITED,GB,United Kingdom,England,London,E14 5HU,Churchill Place,5,0165a523-f0b3-11ee-849e-f5d408dc71cd,PAF SECURITISATION NO.,GB,United Kingdom,England,London,E14 5HU,Churchill Place,5,pafsecuritisationno1plc.com,https://pafsecuritisationno1plc.com/,442038965052.0,75.0,49349144.0,Insurance,"Insurance - Agents, Carriers & Brokers",2024-02-22T11:27:04.000Z,2025-04-18T03:29:59.127Z,0.6406511627906978,0.035388004895960945,0.37209302325581395,1.0,1.0,1.0,0.8,1.0,False,com,False,True,True,low_confidence
201,GEO ENTERTAINMENT TELEVISION (PVT.) LIMITED,PK,Pakistan,,,,,,00716e81-0933-11ee-be6e-095ff0fb6228,Geo Mobile & Easypaisa Shop,PK,Pakistan,Punjab,Burewala,78646,,,,,923467151600.0,,,"Rental, Repair & Maintenance",Phone Repair & Services,2023-06-12T15:07:14.240Z,2025-03-20T00:18:00.924Z,0.43442622950819676,0.0510928961748634,0.4262295081967213,1.0,0.0,0.0,0.0,0.0,False,,False,True,True,low_confidence
208,Google Cloud EMEA Limited,IE,Ireland,Leinster,,,,,a7fea907-199d-11f0-9eba-c9ebbf6c8560,Google Cloud,US,United States,California,Mountain View,94043,Amphitheatre Parkway,1600,swissrallvays.shop,https://swissrallvays.shop/,18778243983.0,,,Software & IT Services,Tech Companies,2025-04-14T08:22:47.000Z,2025-04-15T13:16:07.000Z,0.45517241379310347,0.15787511649580616,0.8275862068965517,0.0,0.0,0.0,0.0,0.0,True,shop,True,True,True,"low_confidence,country_mismatch,suspicious_tld"
212,Grassfish Denmark ApS,DK,Denmark,Central Denmark Region,Aarhus Municipality,8260,Fabrikvej,11b,03ae71d3-93e5-11eb-aa66-9b8d95e2171b,playscapes Denmark,DK,Denmark,Central Denmark Region,Aarhus,8260,Buggesgårdvej,69A,playscapes.dk,https://playscapes.dk/,4520128222.0,4.0,1101224.0,"Party, Toys & Games",Toys & Games Stores,2020-02-25T17:19:03.000Z,2025-04-03T19:18:06.862Z,0.6102564102564103,0.04249170437405725,0.5641025641025641,1.0,0.5,1.0,0.0,0.0,False,dk,False,True,True,low_confidence
214,GreenMind A/S,DK,Denmark,Capital Region Of Denmark,Gladsaxe Municipality,2880,Brudelysvej,23,205a2882-092a-11ee-b84c-9b2922821bc8,GreenMind,DK,Denmark,Capital Region Of Denmark,Rødovre Municipality,2610,Rødovre Centrum,130,,,4546975050.0,,,"Rental, Repair & Maintenance",Phone Repair & Services,2023-04-27T14:48:32.490Z,2025-04-20T00:24:32.934Z,0.6500000000000001,0.046666666666666856,0.8181818181818182,1.0,0.0,0.0,0.0,0.0,False,,False,True,True,low_confidence
216,GSM ASSOCIATION,GB,United Kingdom,England,London,EC4R 3AB,Angel Lane,1,b1eae542-93e4-11eb-aa66-9b8d95e2171b,GSMA Training,GB,United Kingdom,England,London,EC4N 8AF,Walbrook,"The Walbrook Building, 25",gsmatraining.com,https://www.gsmatraining.com/,,75.0,10606294.0,Professional Schools,Language & Speaking Schools,2019-11-25T18:52:22.000Z,2025-02-01T14:01:51.000Z,0.6142857142857142,0.0064107142857140476,0.5714285714285714,1.0,1.0,0.0,0.0,0.0,False,com,False,True,True,low_confidence
218,HE SIKRING A/S,DK,Denmark,Capital Region Of Denmark,Furesø Municipality,3500,,,a40484c0-0ae9-11ec-8b96-2f712d78ea00,Sikring Vest A/S.,DK,Denmark,,,,,,sikringvest-as.dk,http://sikringvest-as.dk/Sikring_Vest_A_S/Sikring_Vest_A_S.html,4561729482.0,3.0,1038391.0,Freight Transport,Railroad Service Companies,2021-09-01T04:20:41.000Z,2024-11-08T10:47:50.000Z,0.6033333333333333,0.036666666666666625,0.7333333333333333,1.0,0.0,0.0,0.0,0.0,False,dk,False,True,True,low_confidence
228,HEWLETT-PACKARD NORGE AS,NO,Norway,Viken,Bærum,1364,Rolfsbuktveien,4F,f6bed478-93e4-11eb-a33a-a3dfba582839,Elbilforum,NO,Norway,Viken,Bærum,1364,Rolfsbuktveien,4F,elbilforum.no,https://elbilforum.no/,,6.0,1668501.0,Associations,Automotive Associations,2019-11-24T01:17:48.000Z,2025-04-03T15:53:26.791Z,0.5779354838709677,0.03881048387096764,0.25806451612903225,1.0,1.0,1.0,0.8,1.0,False,no,False,True,True,low_confidence
231,"HIGH TOUCH, INC.",US,United States,California,Los Angeles,90064,West Pico Boulevard,10917,d778d926-93e4-11eb-be5a-4f810ab55f2e,High Touch Remodeling,US,United States,California,Los Angeles,90064,West Pico Boulevard,10917,hightouchremodeling.com,https://hightouchremodeling.com/,13104742967.0,6.0,1932906.0,General Contractors & Heavy Construction,Home Builders & Renovation Contractors,2019-11-24T11:22:14.000Z,2025-01-19T21:47:04.000Z,0.8026666666666668,0.036666666666666625,0.6666666666666666,1.0,1.0,1.0,0.8,1.0,False,com,False,True,True,low_confidence
240,Huawei Technologies (Bangladesh) Limited.,BD,Bangladesh,,,,,,0c3e379f-93e5-11eb-a33a-a3dfba582839,Bumblebee Tech,BD,Bangladesh,Dhaka Division,Dhaka,1000,,,bumblebeetech.com.bd,http://www.bumblebeetech.com.bd/,8802222226654.0,9.0,9800000.0,Banks & Financial Services,Payment Processing & Point of Sale,2020-08-21T14:58:45.000Z,2025-03-17T09:23:42.298Z,0.375,0.024019607843137225,0.3181818181818182,1.0,0.0,0.0,0.0,0.0,False,bd,False,True,True,low_confidence
241,HUAWEI TECHNOLOGIES (DENMARK) ApS,DK,Denmark,Capital Region Of Denmark,Copenhagen,2450,,,3821892f-0c58-11ec-a1e5-5b23ac48a38b,Xplora Technologies Denmark,DK,Denmark,Capital Region Of Denmark,Copenhagen,2300,Njalsgade,76,xplora.dk,https://xplora.dk/,4570715075.0,75.0,17710244.0,Electrical & Electronic Equipment,Electronical Components Manufacturing,2021-08-20T06:53:06.000Z,2025-03-31T21:51:38.360Z,0.7172413793103448,0.025019157088122523,0.7586206896551724,1.0,1.0,0.0,0.0,0.0,False,dk,False,True,True,low_confidence
245,HUAWEI TECHNOLOGIES PAKISTAN (PRIVATE) LIMITED,PK,Pakistan,Islamabad Capital Territory,Islamabad,44000,Jinnah Avenue,,4bd95951-e516-11ed-ae31-691dccb8b954,Huawei Technologies Pakistan,PK,Pakistan,Punjab,Lahore,54010,Bajwa Street,,,,92512096014.0,,,,,2023-04-27T16:09:49.078Z,2025-04-20T02:52:40.462Z,0.6812500000000001,0.007720588235294201,0.875,1.0,0.0,0.0,0.0,0.0,False,,False,True,True,low_confidence
246,Huawei Technologies Sweden AB,SE,Sweden,,,,,,e0fcb950-453e-11ee-9a94-efaadc7f2382,Huawei Sweden Hackathon,SE,Sweden,,,,,,huaweihackathon2023.se,https://huaweihackathon2023.se/,,,,Blogs & Publications,Blogs & Publications,2023-08-28T01:04:38.270Z,2024-06-28T02:13:19.000Z,0.5918367346938777,0.025170068027211,0.5306122448979592,1.0,1.0,0.0,0.0,0.0,False,se,False,True,True,low_confidence
248,Huber+Suhner AG,CH,Switzerland,Appenzell Ausserrhoden,Herisau,9100,Degersheimerstrasse,14,0ac24602-93e5-11eb-8474-3bbe2d07207d,HUBER SUHNER Sales Partners,CH,Switzerland,Appenzell Ausserrhoden,Herisau,9100,Degersheimerstrasse,14,hubersuhner.com,http://www.hubersuhner.com/,85228666600.0,4500.0,1000000000.0,Electrical & Electronic Equipment,Electronical Components Manufacturing,2019-11-24T02:13:17.000Z,2025-04-20T14:07:34.870Z,0.7744615384615386,0.024461538461538646,0.6153846153846154,1.0,1.0,1.0,0.8,1.0,False,com,False,True,True,low_confidence
249,HUBER+SUHNER ELECTRONICS PRIVATE LIMITED,IN,India,Delhi,New Delhi,110001,Tolstoy Marg,1,0ac24602-93e5-11eb-8474-3bbe2d07207d,HUBER SUHNER Sales Partners,CH,Switzerland,Appenzell Ausserrhoden,Herisau,9100,Degersheimerstrasse,14,hubersuhner.com,http://www.hubersuhner.com/,85228666600.0,4500.0,1000000000.0,Electrical & Electronic Equipment,Electronical Components Manufacturing,2019-11-24T02:13:17.000Z,2025-04-20T14:07:34.870Z,0.3915254237288136,0.04890247290914146,0.711864406779661,0.0,0.0,0.0,0.0,0.0,False,com,True,True,True,"low_confidence,country_mismatch"
25,AIG EUROPE S.A. NUF,NO,Norway,Oslo,Oslo,0160,Rosenkrantz’ Gate,22,379975dc-93e5-11eb-90d2-e3355a7e800b,AIG Norge,NO,Norway,Oslo,Oslo,0160,Rosenkrantz’ Gate,22,aig.no,https://www.aig.no/,4722002080.0,20.0,28010168.0,Insurance,"Insurance - Agents, Carriers & Brokers",2019-11-24T01:26:46.000Z,2025-03-31T17:31:07.998Z,0.6397037037037039,0.038703703703703796,0.37037037037037035,1.0,1.0,1.0,0.8,1.0,False,no,False,True,True,low_confidence
252,Hydro Energi AS,NO,Norway,Oslo,Oslo,0283,Drammensveien,264,f035adb0-d13e-11ec-a4fa-c3f40e4b757a,Hydro Rein,NO,Norway,Oslo,Oslo,0283,Drammensveien,264,hydrorein.com,https://www.hydrorein.com/,46709994119.0,105.0,159607200.0,Renewable energy,Hydropower energy and services,2022-03-05T09:08:08.000Z,2024-11-14T16:14:43.723Z,0.8360000000000002,0.04516129032258065,0.7272727272727273,1.0,1.0,1.0,0.8,1.0,False,com,False,True,True,low_confidence
253,IBM DANMARK A/S,DK,Denmark,,,,,,ccf0aeb1-1b03-11ec-a15b-458b278fe121,IBM CIC.,DK,Denmark,Capital Region Of Denmark,Copenhagen,2300,Njalsgade,76,,,,,,Software & IT Services,Tech Companies,2021-10-02T18:21:36.000Z,2025-03-28T00:38:21.898Z,0.4,0.09999999999999998,0.36363636363636365,1.0,0.0,0.0,0.0,0.0,False,,False,True,True,low_confidence
255,OBERTHUR TECHNOLOGIES NORWAY AS,NO,Norway,Rogaland,Stavanger,4034,Godesetdalen,10,03831c14-93e5-11eb-a33a-a3dfba582839,Oberthur Technologies,FR,France,Ile-de-France,Paris,,,,oberthur.com,https://www.oberthur.com/,,14000.0,3218017536.0,Banks & Financial Services,Payment Processing & Point of Sale,2019-11-23T23:55:31.000Z,2025-04-04T11:44:14.609Z,0.4714285714285714,0.0,0.8571428571428571,0.0,0.0,0.0,0.0,0.0,False,com,True,True,True,"low_confidence,country_mismatch"
256,"IKANO BANK, FILIAL AF IKANO BANK AB (PUBL), SVERIGE",DK,Denmark,Capital Region Of Denmark,Glostrup,2600,Stationsparken,24,5b5ec89c-aab9-11ef-8c37-f97fe3d0526b,Ikano Bank Leasing,DK,Denmark,Capital Region Of Denmark,Glostrup,2600,Stationsparken,24,vinnuleasing.fo,https://www.vinnuleasing.fo/,4543556782.0,,,Banks & Financial Services,Loans & Financing,2024-11-24T13:33:22.000Z,2024-11-25T09:08:47.000Z,0.6843870967741937,0.04468339307048985,0.45161290322580644,1.0,1.0,1.0,0.8,1.0,False,fo,False,True,True,low_confidence
257,Imi Mobile Vas Limited,BD,Bangladesh,,,,,,25bf4898-a69a-11ec-9108-57519746fb39,IMI Mobile VAS Ltd FZE,GB,United Kingdom,England,London,EC1M 4BH,St. John's Lane,5,,,18553240970.0,,212100000.0,Software & IT Services,Tech Companies,2021-06-08T14:22:32.000Z,2025-04-20T22:18:39.929Z,0.48125000000000007,0.050815217391304346,0.875,0.0,0.0,0.0,0.0,0.0,False,,True,True,True,"low_confidence,country_mismatch"
258,IMIMOBILE EUROPE LIMITED,GB,United Kingdom,England,London,EC1M 4BH,St. John's Lane,5,df37ba50-93e4-11eb-b89f-536884b3e7dd,IMImobile,GB,United Kingdom,England,London,EC1M 4BH,St. John's Lane,5,imimobile.com,https://imimobile.com/,914023555945.0,1100.0,134771712.0,Software & IT Services,Tech Companies,2019-11-24T12:38:10.000Z,2025-04-04T11:44:14.609Z,0.8320000000000002,0.04011764705882359,0.72,1.0,1.0,1.0,0.8,1.0,False,com,False,True,True,low_confidence
260,INFINERA CORPORATION,US,United States,California,San Jose,95119,San Ignacio Avenue,6373,3eb2bbab-17c0-11f0-af94-ddfd1c46b53d,INFINERA CORP,US,United States,California,San Jose,95119,San Ignacio Avenue,6373,infinerac.xyz,https://www.infinerac.xyz/,14085725200.0,,,,,2025-02-22T08:33:24.000Z,2025-03-10T00:39:11.000Z,0.9860000000000001,0.0,1.0,1.0,1.0,1.0,0.8,1.0,True,xyz,False,True,True,"low_confidence,suspicious_tld"
261,INFOMEDIA A/S,DK,Denmark,Capital Region Of Denmark,Copenhagen,1112,,,fa89bf14-93e4-11eb-9937-4fab995bf8ff,INFOMEDIA,DK,Denmark,Capital Region Of Denmark,Copenhagen,1112,Pilestræde,58,infomedia.dk,https://infomedia.dk/,4526937698.0,200.0,16000000.0,Marketing & Advertising Agencies,Public Relations Agencies,2019-11-24T01:14:23.000Z,2025-02-07T20:25:31.000Z,0.8000000000000002,0.04166666666666663,0.8181818181818182,1.0,1.0,1.0,0.0,0.0,False,dk,False,True,True,low_confidence
262,INFOSYS LIMITED,IN,India,Karnataka,Bengaluru,560100,Hosur Road,,dcc5e190-22df-11ec-817c-6169a8cec47d,Infosys Limited,IN,India,Karnataka,Bengaluru,560003,Sampige Road,405,,,918025592088.0,,,Software & IT Services,Tech Companies,2021-12-09T02:51:10.000Z,2025-03-18T16:53:29.603Z,0.85,0.016222222222222138,1.0,1.0,1.0,0.0,0.0,0.0,False,,False,True,True,low_confidence
268,Intrum Debt Finance AG,CH,Switzerland,Zug,Zoug,6300,Industriestrasse,13c,daa75cd0-93e4-11eb-8474-3bbe2d07207d,Intrum,CH,Switzerland,Zurich,Schwerzenbach,8603,Eschenstrasse,12,intrum.ch,https://www.intrum.ch/de/konsumenten/,41448068565.0,150.0,25266520.0,Banks & Financial Services,Debt Collection Agencies,2019-11-24T03:39:55.000Z,2025-03-28T07:20:48.625Z,0.464,0.0,0.48,1.0,0.0,0.0,0.0,0.0,False,ch,False,True,True,low_confidence
269,ADVIS A/S,DK,Denmark,Capital Region Of Denmark,Copenhagen,2500,Kirsten Walthers Vej,7,3c29f631-0c51-11ec-a966-a7729a63d3f1,Advisas GmbH,DE,Germany,Lower Saxony,Hanover,30179,Vahrenwalder Straße,269A,advisas.de,https://advisas.de/,4951165610320.0,15.0,3088731.0,Investment Firms & Consultants,Investment Consultants & Financial Advisors,2021-09-03T00:10:10.000Z,2025-03-28T03:59:44.077Z,0.48125000000000007,0.053472222222222254,0.875,0.0,0.0,0.0,0.0,0.0,False,de,True,True,True,"low_confidence,country_mismatch"
273,ISS FACILITY SERVICES AB,SE,Sweden,,,,,,4cf5285b-27d1-11ef-bd6f-218060e3190a,ISS Facility Services AB.,SE,Sweden,Kalmar County,Västervik,593 37,Folkparksvägen,31,,,46771181020.0,,,Cleaning services,Housekeeping Services,2024-06-11T09:01:27.073Z,2025-04-03T00:33:45.232Z,0.75,0.013414634146341475,1.0,1.0,0.0,0.0,0.0,0.0,False,,False,True,True,low_confidence
275,ISS GLOBAL A/S,DK,Denmark,Capital Region Of Denmark,Gladsaxe Municipality,2860,Buddingevej,197,03a29e1d-0e0f-11ec-9e7a-c7c07683508d,ISS GLOBAL,GB,United Kingdom,England,London,IG11 0DS,River Road,,iss-global-bmt.com,https://iss-global-bmt.com/,,75.0,27084392.0,Building Material,Building Material Manufacturers,2021-09-05T04:41:24.000Z,2025-02-09T07:35:10.000Z,0.45833333333333337,0.0642156862745098,0.8333333333333334,0.0,0.0,0.0,0.0,0.0,False,com,True,True,True,"low_confidence,country_mismatch"
285,Kahoot! Denmark ApS,DK,Denmark,Capital Region Of Denmark,Copenhagen,1620,Vesterbrogade,1L,1e9bdc67-a864-11ef-9981-35cc82574036,Kahoot Winner,ES,Spain,,,,,,kahootwinner.es,https://kahootwinner.es/,,,,Software & IT Services,Tech Companies,2024-11-17T05:55:07.000Z,2024-11-17T09:51:23.000Z,0.31935483870967746,0.044354838709677435,0.5806451612903226,0.0,0.0,0.0,0.0,0.0,False,es,True,True,True,"low_confidence,country_mismatch"
29,"AMAZON WEB SERVICES, INC.",US,United States,Washington,Seattle,98109,Terry Avenue North,410,c89d4e1b-bfde-11ec-92f4-876998402e2b,Amazon Web Services | API Gateway,US,United States,Washington,Seattle,,,,,,,2.0,701700.0,Software & IT Services,Tech Companies,2022-04-19T12:41:41.000Z,2024-11-30T05:43:04.947Z,0.7180000000000001,0.017999999999999905,0.76,1.0,1.0,0.0,0.0,0.0,False,,False,True,True,low_confidence
291,KINLY HOLDING AS,NO,Norway,Rogaland,Stavanger,4033,Kanalsletta,3,ea275f75-2672-11ee-aaf2-7fedf3310a03,Kinly AS avd Trondheim,NO,Norway,Trøndelag,Trondheim,7037,Sluppenvegen,19,,,4751205000.0,,,Telecommunication Services,Telecommunications,2023-07-19T20:28:20.573Z,2025-03-31T11:25:28.469Z,0.47500000000000003,0.16944444444444445,0.5,1.0,0.0,0.0,0.0,0.0,False,,False,True,True,low_confidence
296,KODA,DK,Denmark,Capital Region Of Denmark,Copenhagen,2100,Lautrupsgade,9,34512921-cd98-11ec-8506-afdec304713d,AUTOR,DK,Denmark,Capital Region Of Denmark,Copenhagen,2100,Lautrupsgade,9,autor.dk,https://www.autor.dk/,4533120109.0,75.0,11562935.0,Art & Music Publishers,Art & Music Publishers,2022-05-04T04:35:30.000Z,2025-04-02T19:58:14.068Z,0.5582222222222223,0.040740740740740744,0.2222222222222222,1.0,1.0,1.0,0.8,1.0,False,dk,False,True,True,low_confidence
298,KOMMANDITAKTIESELSKABET FREDERIKSSUND SHOPPINGCENTER,DK,Denmark,North Denmark Region,Aalborg,9000,Vestre Havnepromenade,7,0367192e-2d03-11ef-952e-0de48eef49d7,Frederikssund St.,DK,Denmark,Capital Region Of Denmark,Frederikssund,3600,Jernbanegade,,,,,,,Passenger Transport Services,"Buses, Shuttles & Local Transit",2024-06-14T01:08:34.851Z,2025-01-08T00:01:11.565Z,0.45882352941176474,0.009490196078431379,0.47058823529411764,1.0,0.0,0.0,0.0,0.0,False,,False,True,True,low_confidence
3,3 STEP IT AS,NO,Norway,Oslo,Oslo,0167,Wergelandsveien,7,08f48bc2-72c9-11ec-96d1-1d653dff9d1b,NIFU,NO,Norway,Oslo,Oslo,0167,Wergelandsveien,7,iscy.no,https://iscy.no/,4722595101.0,8.0,1785892.0,Research & Development Services,Research Institutes,2022-01-08T19:57:26.000Z,2024-11-04T18:08:47.000Z,0.5206153846153846,0.002968325791855131,0.15384615384615385,1.0,1.0,1.0,0.8,1.0,False,no,False,True,True,low_confidence
30,AMAZON WEB SERVICES EMEA SARL,LU,Luxembourg,,,,,,4706bd71-93e5-11eb-aa66-9b8d95e2171b,Amazon Web Services EMEA,,,,,,,,logitech-events.com,https://logitech-events.com/,,,,Education,Colleges & Universities,2020-11-02T21:10:08.000Z,2022-05-14T10:02:04.000Z,0.5981132075471699,0.3334073251942287,0.9056603773584906,0.0,1.0,0.0,0.0,0.0,False,com,True,False,True,country_mismatch
300,Kpmg AS Hovedkontor,NO,Norway,Oslo,Oslo,0369,,,356e41bd-fb9e-11ee-ba90-53dd1ce05e6d,KPMG - Hamar,NO,Norway,Troms Og Finnmark,Alta,9510,Sentrumsparken,4,,,4745404063.0,,,Accountants & Tax Services,Accounting & Bookkeeping Services,2021-10-01T20:23:08.000Z,2025-04-20T03:47:43.973Z,0.49615384615384617,0.021153846153846134,0.5384615384615384,1.0,0.0,0.0,0.0,0.0,False,,False,True,True,low_confidence
303,LOXYSOFT AS,NO,Norway,Oslo,Oslo,0694,Olaf Helsets Vei,6,179b9c40-93e5-11eb-97db-273ba5953680,Bording Cognito AS,NO,Norway,Oslo,Oslo,0694,Olaf Helsets Vei,6,cognito.no,https://cognito.no/,4722627005.0,17.0,5513354.0,Marketing & Advertising Agencies,Digital & Marketing Agencies,2020-05-15T08:34:39.000Z,2025-01-18T13:30:55.000Z,0.5794782608695652,0.014066496163682829,0.2608695652173913,1.0,1.0,1.0,0.8,1.0,False,no,False,True,True,low_confidence
307,LINKEDIN IRELAND UNLIMITED COMPANY,IE,Ireland,Leinster,Dublin 2,D02 F540,Sir John Rogerson's Quay,70,87a7dad6-cd82-11ec-b775-d339108ca9d0,LinkedIn Ireland Unlimited Company,CZ,Czechia,Southeast,Brno,617 00,Hněvkovského,712/62d,schmuckhilft.info,https://schmuckhilft.info/,420220770770.0,30.0,3201810.0,Consumer Electronics & Appliances,Appliance Stores,2022-05-06T21:21:44.000Z,2024-04-30T08:49:01.000Z,0.55,0.28170731707317076,1.0,0.0,0.0,0.0,0.0,0.0,True,info,True,False,True,"country_mismatch,suspicious_tld"
313,Manpower Student AB,SE,Sweden,Stockholm County,Solna,169 37,Evenemangsgatan,21,d5937753-93e4-11eb-9937-4fab995bf8ff,Manpowergroup,SE,Sweden,Stockholm County,Solna,169 79,Evenemangsgatan,21 5,manpowergroup.se,https://www.manpowergroup.se/,46703774543.0,19.0,768273.0,HR Services,Employment Agencies & HR Consulting,2019-11-24T01:06:39.000Z,2025-01-19T13:07:53.000Z,0.6973793103448277,0.030712643678161067,0.6206896551724138,1.0,1.0,0.0,0.8,0.0,False,se,False,True,True,low_confidence
32,AMDOCS DEVELOPMENT LIMITED,CY,Cyprus,Limassol District,Limassol,3085,,,bad43cb0-93e4-11eb-91fb-73d498260b10,Amdocs,US,United States,Missouri,Chesterfield,63017,Timberlake Manor Parkway,1390,amdocs.com,https://www.amdocs.com/,13142127000.0,29058.0,5000000000.0,Software & IT Services,Software Development Services,2019-11-24T01:49:03.000Z,2025-04-16T22:40:20.000Z,0.275,0.0,0.5,0.0,0.0,0.0,0.0,0.0,False,com,True,True,True,"low_confidence,country_mismatch"
326,META PLATFORMS IRELAND LIMITED,IE,Ireland,Leinster,,,,,02ad93d6-02f0-11ed-a2a1-6d51de18d1ca,Meta Platforms,RU,Russia,,,,,,shopgirls.ru,https://shopgirls.ru/,79193210854.0,,,Clothing,Clothing Stores,2022-07-06T19:48:08.000Z,2024-07-22T23:24:48.000Z,0.5277777777777778,0.0,0.7777777777777778,0.0,1.0,0.0,0.0,0.0,False,ru,True,True,True,"low_confidence,country_mismatch"
327,MICROSOFT IRELAND OPERATIONS LIMITED,IE,Ireland,Leinster,Dublin,D02 F540,Sir John Rogerson's Quay,70,146bd77c-4d69-11ed-b869-0b9c3de59569,Microsoft Ireland Operations,IE,Ireland,Leinster,Dublin,D04 R674,Barrow Street,,nowubuy.shop,https://nowubuy.shop/,,,,"Watches, Jewelry & Accessories",Watches & Jewelry Stores,2022-10-16T14:11:48.000Z,2023-05-25T23:36:13.000Z,0.85,0.1640350877192982,1.0,1.0,1.0,0.0,0.0,0.0,True,shop,False,False,True,suspicious_tld
33,"American Express Europe Denmark, filial af American Express Europe S.A., Spanien",DK,Denmark,Capital Region Of Denmark,Copenhagen,2300,,,0078e966-93e5-11eb-b997-8dd98d09cf25,American Steakhouse,DK,Denmark,,,,,,butcher.dk,https://butcher.dk/,,15.0,752435.0,Restaurants,Steakhouse Restaurants,2019-11-24T01:31:37.000Z,2023-07-05T13:05:25.000Z,0.3260416666666667,0.11262703252032519,0.22916666666666666,1.0,0.0,0.0,0.0,0.0,False,dk,False,True,True,low_confidence
331,NW GRUPPEN A/S,DK,Denmark,Central Denmark Region,Hedensted,8722,Snedkervej,5,008645a7-332c-11ec-ba1b-799c0ee08065,SJ Gruppen,DK,Denmark,Region Of Southern Denmark,Faaborg,5600,Mørkebjergvej,1,sj-container.dk,https://www.sj-container.dk/,4563614050.0,75.0,19908272.0,Industrial Goods,Metal Storage Tanks,2021-10-03T04:57:51.000Z,2025-04-19T03:58:04.587Z,0.5666666666666667,0.025904761904761875,0.6666666666666666,1.0,0.0,0.0,0.0,0.0,False,dk,False,True,True,low_confidence
332,"MIXPANEL, INC.",US,United States,California,San Francisco,94111,Front Street,,740de470-cf7a-11ec-8f8e-bde829059b5f,Mixpane,US,United States,California,San Francisco,94111,,,cosmic-star.net,http://cosmic-star.net/,,,,Software & IT Services,Software Development Services,2021-09-09T23:12:24.000Z,2025-02-22T09:45:52.000Z,0.8633333333333334,0.01333333333333342,0.9333333333333333,1.0,1.0,1.0,0.0,0.0,False,net,False,True,True,low_confidence
335,"MOBILEUM, INC.",US,United States,California,Cupertino,95014,Stevens Creek Boulevard,20813,06e7cc3b-aec8-11ed-917a-a9ac0bf7643e,Mobileum,US,United States,California,Cupertino,95014,Stevens Creek Boulevard,20813,,,918069157300.0,,67300000.0,Software & IT Services,Tech Companies,2021-09-16T16:48:33.000Z,2025-04-20T11:15:20.563Z,0.9860000000000001,0.0,1.0,1.0,1.0,1.0,0.8,1.0,False,,False,True,True,low_confidence
336,MODULEX DANMARK A/S,DK,Denmark,Region Of Southern Denmark,Billund,7190,,,6c0e9978-af60-11ec-8ae6-95754aa3b64f,Modulex manufacturing,DK,Denmark,Region Of Southern Denmark,Billund,7190,,,,,,1.0,156240.0,Graphic Design,Graphic Design,2022-03-29T12:53:41.000Z,2024-11-27T03:35:15.987Z,0.68,0.03384615384615386,0.6,1.0,1.0,1.0,0.0,0.0,False,,False,True,True,low_confidence
337,Monday. Kum Ltd.,IL,Israel,Tel Aviv District,Tel Aviv-Yafo,,,,26d266d2-8525-11ec-885c-d7d64dcdf3b6,monday U,IL,Israel,Tel Aviv District,Tel Aviv,6777517,Yitzhak Sadeh,6,monday-university.com,http://monday-university.com/,,,,Education,Colleges & Universities,2022-02-03T19:11:55.000Z,2024-05-25T20:45:59.000Z,0.7388888888888889,0.026388888888888906,0.8888888888888888,1.0,0.5,0.0,0.0,0.0,False,com,False,True,True,low_confidence
339,NAGARRO AS,NO,Norway,Oslo,Oslo,0153,Kongens Gate,14,227b170c-12dc-11ec-9dca-f567cb1bbc98,Nagarro AG,DE,Germany,Bavaria,Munich,81379,Baierbrunner Straße,15,scada-xsight.de,https://www.scada-xsight.de/,498978500099.0,,,Software & IT Services,Software Development Services,2021-08-30T22:12:18.000Z,2025-02-27T23:30:00.000Z,0.55,0.0,1.0,0.0,0.0,0.0,0.0,0.0,False,de,True,True,True,"low_confidence,country_mismatch"
340,NAGARRO ENTERPRISE SERVICES PRIVATE LIMITED,IN,India,Delhi,Punjabi Bagh,110026,,,3038e1e5-f85b-11ed-b4e8-e74dfe271a42,Nagarro Hiring Team,IN,India,Delhi,North East Delhi,110032,Nalae Wali Gali,10,,,,,,,,2023-05-22T04:41:48.581Z,2025-03-31T09:46:23.974Z,0.4444444444444445,0.11444444444444446,0.4444444444444444,1.0,0.0,0.0,0.0,0.0,False,,False,True,True,low_confidence
341,NEC CORPORATION,JP,Japan,Tokyo,Tokyo,,,,340e57ef-e0c1-11ee-bdaf-e5b5303a8710,NEC Corporation mae,JP,Japan,Chiba Prefecture,Abiko,,National Highway Route 356,,,,,,,,,2024-03-12T22:04:18.557Z,2025-03-11T07:24:21.576Z,0.53,0.046666666666666634,0.6,1.0,0.0,0.0,0.0,0.0,False,,False,True,True,low_confidence
347,Nestor Cables Oy,FI,Finland,North Ostrobothnia,Oulu,90620,Mittarikuja,5,83ad4797-93e4-11eb-97db-273ba5953680,Nestor Cables,FI,Finland,North Ostrobothnia,Oulu,90620,Mittarikuja,5,nestorcables.fi,https://www.nestorcables.fi/,358207912770.0,125.0,39871916.0,Electrical & Electronic Equipment,Cables & Wires,2020-02-25T15:59:41.000Z,2025-04-07T15:39:38.000Z,0.9860000000000001,0.0,1.0,1.0,1.0,1.0,0.8,1.0,False,fi,False,True,True,low_confidence
35,ANALYSYS MASON AS,NO,Norway,Oslo,Oslo,0252,,,e97d1f55-93e4-11eb-be3a-7f925cb94351,Analysys Mason,IT,Italy,Lombardy,Milan,20121,Corso Venezia,29,analysysmason.com,https://www.analysysmason.com/,442073959000.0,470.0,95000000.0,Business Consulting,Business Consulting,2019-11-24T01:15:19.000Z,2025-01-18T23:29:05.000Z,0.55,0.0,1.0,0.0,0.0,0.0,0.0,0.0,False,com,True,True,True,"low_confidence,country_mismatch"
352,NEWS PUBLICATIONS (PRIVATE) LIMITED,PK,Pakistan,Sindh,Karachi,72500,I.I. Chundrigar Road,,01004641-1dd8-11ef-9268-316fc8e174dd,Private Helipad Ali Villa,PK,Pakistan,Sindh,Karachi,74400,,,,,,,,,,2024-05-29T16:24:11.019Z,2025-04-20T15:03:24.026Z,0.45400000000000007,0.03400000000000003,0.28,1.0,1.0,0.0,0.0,0.0,False,,False,True,True,low_confidence
362,DMA Research A/S,DK,Denmark,Capital Region Of Denmark,Copenhagen,1150,,,02ddf6f4-0953-11ed-8906-6bcfb1398b7a,Busk Demo,DK,Denmark,Capital Region Of Denmark,Copenhagen,1150,Købmagergade,22,busk-demo.myshopify.com,https://busk-demo.myshopify.com/,4521205895.0,15.0,1750343.0,Clothing,Clothing Stores,2022-07-21T22:27:44.000Z,2024-11-03T11:22:36.000Z,0.438,0.004666666666666652,0.16,1.0,1.0,1.0,0.0,0.0,False,com,False,True,True,low_confidence
367,NTT DATA Business Solutions Korlatolt Felelossegu Tarsasag,HU,Hungary,Central Hungary,Budapest,1117,Infopark (Pázmány Péter Sétány),1,44dda433-8ac1-11ec-b892-9b33177d601b,NTT DATA Business Solutions Hungary,HU,Hungary,Budapest,Budapest,1117,,,,,,66.0,3722201.0,Business Consulting,Business Consulting,2022-02-12T03:05:17.000Z,2024-11-07T19:36:46.614Z,0.7166666666666667,0.024587458745874535,0.6666666666666666,1.0,1.0,1.0,0.0,0.0,False,,False,True,True,low_confidence
368,ITELLIGENCE A/S,DK,Denmark,,,,,,043f0af0-a7d0-11ed-8169-bfb473e2b988,Itelligencedeblog,,,,,,,,itelligencedeblog.wordpress.com,https://itelligencedeblog.wordpress.com/,,,,Software & IT Services,Software Development Services,2023-02-07T08:11:52.000Z,2023-12-17T09:58:06.000Z,0.478125,0.012740384615384626,0.6875,0.0,1.0,0.0,0.0,0.0,False,com,True,True,True,"low_confidence,country_mismatch"
373,Omd (M) Sdn. Bhd.,MY,Malaysia,Selangor,Petaling Jaya,47400,Jalan SS 21/60,21/37,a54919b7-93e4-11eb-b4a6-27899be4e45d,OMD World Imaging,MY,Malaysia,Kuala Lumpur,Kuala Lumpur,55100,,,omdworldimaging.com,https://omdworldimaging.com/,,,,Medical Equipment & Supplies,Medical Supply Manufacturers,2020-12-07T20:53:08.000Z,2024-11-12T17:04:40.000Z,0.42000000000000004,0.1611764705882353,0.4,1.0,0.0,0.0,0.0,0.0,False,com,False,True,True,low_confidence
38,Annalect Denmark A/S,DK,Denmark,Capital Region Of Denmark,Copenhagen,2100,Midtermolen,3,bece9f0e-e4d2-11ec-a140-3f2eb8ef49f8,Annalect,DK,Denmark,Capital Region Of Denmark,Copenhagen,2100,Midtermolen,3,annalect-data.info,https://annalect-data.info/,4538145700.0,75.0,16790228.0,Marketing & Advertising Agencies,Digital & Marketing Agencies,2022-06-05T12:38:30.000Z,2025-01-07T10:47:01.907Z,0.7502857142857143,0.0,0.5714285714285714,1.0,1.0,1.0,0.8,1.0,True,info,False,True,True,"low_confidence,suspicious_tld"
382,Oracle Corporation Malaysia Sdn. Bhd.,MY,Malaysia,,,59200,,,cd9b9c12-1b00-11ec-aa6a-03cd9b476476,Oracle Corporation Sdn. Bhd.,MY,Malaysia,Kuala Lumpur,Kuala Lumpur,59200,Medan Syed Putra Selatan,,,,60322993600.0,,,Software & IT Services,Tech Companies,2021-12-09T02:45:31.000Z,2025-03-20T21:37:07.311Z,0.6662162162162164,0.02621621621621628,0.7567567567567568,1.0,0.0,1.0,0.0,0.0,False,,False,True,True,low_confidence
383,ORACLE DANMARK APS,DK,Denmark,,,,,,870eb57e-1b04-11ec-98ad-4b5172a2ed18,Oracle Danmark,DK,Denmark,Capital Region Of Denmark,Gentofte Municipality,2900,Tuborg Havnevej,15,,,4544808080.0,,,,,2021-10-03T03:43:31.000Z,2025-03-27T22:11:30.880Z,0.6812500000000001,0.026411290322580716,0.875,1.0,0.0,0.0,0.0,0.0,False,,False,True,True,low_confidence
388,"ORRICK, HERRINGTON & SUTCLIFFE (UK) LLP",GB,United Kingdom,England,London,EC2V 6DN,Cheapside,107,14907f20-93e5-11eb-a736-0f5b20ecb2f1,Orrick Herrington & Sutcliffe,US,United States,California,San Francisco,94105,Howard Street,405,orrick.com,https://www.orrick.com/,12125065230.0,2900.0,1160000000.0,Lawyers,General Practice Attorneys,2019-11-24T01:04:36.000Z,2025-04-04T11:44:14.609Z,0.4942028985507247,0.0036368608148755754,0.8985507246376812,0.0,0.0,0.0,0.0,0.0,False,com,True,True,True,"low_confidence,country_mismatch"
39,Anne Mette Lund,DK,Denmark,Region Of Southern Denmark,Haderslev,6100,Bispegade,8 1,02115b2b-65f6-11ef-a567-7774974824cc,Anne Mette Høy,DK,Denmark,Region Of Southern Denmark,Vejle,7100,Junovej,10,mindre-stress.dk,http://mindre-stress.dk/?opi=79508299&sa=U&ved=0ahUKEwi4mfaSm-SMAxVfE1kFHS_HLHoQ61gIEigP&usg=AOvVaw21SI8OJlgK9_li2AWT-KF8,4520552998.0,,,Mental Health Specialists,Psychologists & Counseling Services,2024-08-29T10:58:32.193Z,2025-04-19T14:04:01.876Z,0.6172413793103448,0.004741379310344795,0.7586206896551724,1.0,0.0,0.0,0.0,0.0,False,dk,False,True,True,low_confidence
392,PARENT AND FAMILY CONSULTING LIMITED,GB,United Kingdom,England,London,N1 9PF,White Lion Street,95,bb36d5d9-0bd7-11ec-9233-6981ee399afc,Parent Zone,GB,United Kingdom,England,London,N1 9PF,White Lion Street,95,zxpd.net,http://zxpd.net/,,,,Casino & Betting,Casino & Betting,2021-09-02T09:14:14.000Z,2024-11-01T19:10:45.000Z,0.689846153846154,0.009401709401709368,0.46153846153846156,1.0,1.0,1.0,0.8,1.0,False,net,False,True,True,low_confidence
393,PELATRO LIMITED,GB,United Kingdom,England,London,SE26 4NG,Mount Gardens,Oak House,25f18078-93e5-11eb-8859-29e7c34dee35,Aspects of History,GB,United Kingdom,England,London,SE26 4NG,Mount Gardens,,aspectsofhistory.com,https://aspectsofhistory.com/,,1.0,205125.0,Book Publishers,Book Publisher,2020-07-27T16:08:48.000Z,2025-04-03T11:24:06.189Z,0.5820000000000001,0.03200000000000003,0.32,1.0,1.0,1.0,0.8,0.0,False,com,False,True,True,low_confidence
396,Playable ApS,DK,Denmark,Central Denmark Region,Aarhus,8200,Tueager,1,fbe50634-036a-11ec-a72b-432edcbee847,Playable,DK,Denmark,Central Denmark Region,Aarhus,8200,Tueager,1,playable.com,https://playable.com/,4589937558.0,79.0,19215376.0,Software & IT Services,Tech Companies,2019-11-24T02:23:47.000Z,2024-11-29T19:02:41.000Z,0.8760000000000002,0.0,0.8,1.0,1.0,1.0,0.8,1.0,False,com,False,True,True,low_confidence
399,"PLURALSIGHT, LLC",US,United States,Utah,Draper,84020,Future Way,42,16f3bda9-055e-11ec-912d-93da5cd6dce1,Pluralsight,US,United States,Utah,Draper,84020,Future Way,42,tordkalvenes.com,http://tordkalvenes.com/,4790999835.0,,,Casino & Betting,Casino & Betting,2021-08-24T17:21:29.000Z,2024-02-14T17:13:03.000Z,0.9860000000000001,0.0,1.0,1.0,1.0,1.0,0.8,1.0,False,com,False,True,True,low_confidence
40,ANRITSU A/S,DK,Denmark,Capital Region Of Denmark,Copenhagen,2300,,,172e7ea7-0523-11ec-a64f-cb86dbe4969b,ANRITSU,,,,,,,,tiancunwu.com,https://tiancunwu.com/,,,,Food Producers & Distributors,Fruit & Vegetable - Markets & Stores,2021-08-24T10:03:48.000Z,2024-07-20T14:51:48.000Z,0.4277777777777778,0.0,0.7777777777777778,0.0,0.0,0.0,0.0,0.0,False,com,True,True,True,"low_confidence,country_mismatch"
401,Postnord Danmark (B2452),DK,Denmark,Capital Region Of Denmark,Copenhagen,2450,Vestre Teglgade,15,1de2d199-93e5-11eb-a736-0f5b20ecb2f1,PostNord Danmark Rundt,DK,Denmark,,,,,,postnorddanmarkrundt.dk,https://postnorddanmarkrundt.dk/,4527062024.0,25.0,7320492.0,Sports,Race Tracks & Racing Supplies,2019-12-03T18:32:23.000Z,2024-07-20T05:06:31.000Z,0.625,0.006904761904761858,0.7727272727272727,1.0,0.0,0.0,0.0,0.0,False,dk,False,True,True,low_confidence
403,DATA SCANNING A/S,DK,Denmark,Capital Region Of Denmark,Copenhagen,2300,Hedegaardsvej,88,93cb1a81-93e4-11eb-a746-fdabd18be9c6,Scanning,DK,Denmark,Capital Region Of Denmark,Albertslund Municipality,2620,Herstedvang,7C,scanning.dk,http://scanning.dk/,4533312728.0,20.0,,"Rental, Repair & Maintenance",Computer Repair & Service,2019-11-27T11:36:27.000Z,2025-04-20T00:47:56.417Z,0.552,0.02034782608695651,0.64,1.0,0.0,0.0,0.0,0.0,False,dk,False,True,True,low_confidence
407,PROPAKISTANI SOLUTIONS (PRIVATE) LIMITED,PK,Pakistan,,,,,,d6682c74-93e4-11eb-919a-b3f9a5ad205c,ProPakistani,PK,Pakistan,,,,,,propakistani.pk,https://propakistani.pk/,,57.0,3200000.0,Newspapers & Magazines,Newspapers & Magazines,2019-11-24T11:18:11.000Z,2025-04-04T11:44:14.609Z,0.6142857142857142,0.0,0.5714285714285714,1.0,1.0,0.0,0.0,0.0,False,pk,False,True,True,low_confidence
408,DRAKA NORSK KABEL AS,NO,Norway,Viken,Drammen,3013,Kjerraten,16,7e5f9a13-fc5f-11ec-8d0e-4949cc357430,Antras,NO,Norway,Viken,Drammen,3013,Kjerraten,15,antras.no,http://antras.no/,4748305000.0,75.0,31061384.0,Freight Transport,Trucking and Logistics,2022-07-05T11:51:35.000Z,2025-04-20T18:17:23.290Z,0.5494782608695652,0.03347826086956518,0.2608695652173913,1.0,1.0,1.0,0.8,0.0,False,no,False,True,True,low_confidence
41,Aon Assessment Denmark A/S,DK,Denmark,Capital Region Of Denmark,Copenhagen,1401,Strandgade,4,bf876480-93e4-11eb-8474-3bbe2d07207d,CANEA,DK,Denmark,Capital Region Of Denmark,Copenhagen,1401,Strandgade,4,canea.com,https://www.canea.com/,4527576739.0,75.0,15850452.0,Business Consulting,Business Consulting,2019-11-23T23:21:39.000Z,2025-04-19T03:14:20.476Z,0.5424516129032259,0.0399516129032258,0.1935483870967742,1.0,1.0,1.0,0.8,1.0,False,com,False,True,True,low_confidence
411,QCC INTERSCAN LTD,GB,United Kingdom,England,Wells,BA5 2AA,High Street,9,c40af0d1-93e4-11eb-b5f6-816dd10ac7b0,QCC Ltd.,GB,United Kingdom,England,Swanley,,,,qccltd.co.uk,https://qccltd.co.uk/,447877357868.0,15.0,2278678.0,General Contractors & Heavy Construction,Handyman Services,2020-04-23T15:47:45.000Z,2025-02-10T16:16:54.000Z,0.47500000000000003,0.007432432432432412,0.5,1.0,0.0,0.0,0.0,0.0,False,uk,False,True,True,low_confidence
414,QlikTech Nordic AB,SE,Sweden,,,,,,55862ac9-9d66-11ef-aecb-ed811e9ee609,QLIKTECH INTERNATIONAL AB.,SE,Sweden,Skåne County,Lund,,,,,,,10.0,,,,2024-07-24T16:54:05.794Z,2024-11-08T00:13:09.239Z,0.5270270270270271,0.03369369369369374,0.5945945945945946,1.0,0.0,0.0,0.0,0.0,False,,False,True,True,low_confidence
415,"QUALTRICS, LLC",US,United States,Oregon,,,,,2f88cb22-93e5-11eb-aa66-9b8d95e2171b,Qualtrics,US,United States,Utah,Provo,84604,River Park Drive,333,qualtrics.com,https://www.qualtrics.com/,442033988981.0,5600.0,1460000000.0,Software & IT Services,Tech Companies,2019-11-23T23:27:19.000Z,2025-04-04T11:44:14.609Z,0.75,0.0,1.0,1.0,0.0,0.0,0.0,0.0,False,com,False,True,True,low_confidence
417,Radio Frequency Systems Gesellschaft mit beschrankter Haftung,DE,Germany,Lower Saxony,Hanover,30179,Kabelkamp,20,7e7ca675-0db6-11ec-aaad-e5a5ee267b5b,Radio Frequency Systems,DE,Germany,Lower Saxony,Hanover,30179,Kabelkamp,20,rfsworld.net,https://www.rfsworld.net/,48664091983.0,,,Electrical & Electronic Equipment,Electronical Components Manufacturing,2021-09-04T17:38:03.000Z,2023-07-09T04:02:05.000Z,0.7371904761904763,0.0,0.5476190476190477,1.0,1.0,1.0,0.8,1.0,False,net,False,True,True,low_confidence
421,RED HAT LIMITED,IE,Ireland,Munster,Cork,,,,6c583a00-93e4-11eb-b4a6-27899be4e45d,Red Hat,US,United States,North Carolina,Raleigh,27601,East Davie Street,100,redhat.com,https://www.redhat.com/en,4989205071222.0,19000.0,3400000000.0,Business Consulting,Business Consulting,2019-11-24T00:28:34.000Z,2025-04-04T11:44:14.609Z,0.55,0.006250000000000089,1.0,0.0,0.0,0.0,0.0,0.0,False,com,True,True,True,"low_confidence,country_mismatch"
422,Red Hat Malaysia Sdn. Bhd.,MY,Malaysia,,,59200,,,8d744e31-ca8a-11ec-bce4-ef3debe8cbb7,Red Harvest Malaysia,MY,Malaysia,Selangor,Puchong,47100,Jalan Puteri 1/4,7,redharvestmalaysia.com,https://redharvestmalaysia.com/,60386790641.0,,,Software & IT Services,Tech Companies,2022-05-03T02:41:36.000Z,2025-04-16T20:03:35.318Z,0.6000000000000001,0.024390243902439046,0.7272727272727273,1.0,0.0,0.0,0.0,0.0,False,com,False,True,True,low_confidence
425,REVEALCX LLC,US,United States,Delaware,New Castle,,,,168fa5a3-20d1-11ee-955b-359ace42ebb8,RevealCX Inc.,US,United States,New York,New York,10010,Broadway,1115,aiincx.com,https://aiincx.com/,,15.0,4163841.0,Software & IT Services,Software Development Services,2023-07-12T15:32:20.000Z,2024-06-05T23:23:16.000Z,0.75,0.0,1.0,1.0,0.0,0.0,0.0,0.0,False,com,False,True,True,low_confidence
429,RTTD LTD,GB,United Kingdom,England,London,W1B 3HH,Regent Street,207,b9b2d1d2-9a09-11ec-9faf-49592d66acb7,RTTD,DE,Germany,Lower Saxony,Osnabrück,49080,Martinistraße,3,rttd.de,https://www.rttd.de/,,,,Furniture,Furniture Stores,2022-02-24T00:17:53.000Z,2024-07-23T23:10:09.000Z,0.55,0.0,1.0,0.0,0.0,0.0,0.0,0.0,False,de,True,True,True,"low_confidence,country_mismatch"
430,BRINTH & HILLERUP A/S,DK,Denmark,Central Denmark Region,Aarhus,8000,Mariane Thomsens Gade,2E,121f310c-93e5-11eb-b997-8dd98d09cf25,Escape,DK,Denmark,Central Denmark Region,Aarhus,8000,Mariane Thomsens Gade,2E,escape.company,https://escape.company/,4541254199.0,10.0,1971545.0,Business Consulting,Business Consulting,2020-08-10T21:44:27.000Z,2024-12-04T17:17:28.000Z,0.5118620689655172,0.00586206896551722,0.13793103448275862,1.0,1.0,1.0,0.8,1.0,False,company,False,True,True,low_confidence
431,SAGEMCOM BROADBAND SAS,FR,France,Ile-de-France,Rueil-Malmaison,92500,Route De L'Empereur,250,45d28d13-301c-11ef-844b-197a578b9d17,Sagemcom livraison,FR,France,Ile-de-France,Bois-Colombes,92270,Allée Des Messageries,13,,,,,,"Warehousing, Logistics & Support",Postal Service,2024-06-21T22:18:21.485Z,2025-03-26T15:23:54.101Z,0.5666666666666667,0.016666666666666607,0.6666666666666666,1.0,0.0,0.0,0.0,0.0,False,,False,True,True,low_confidence
432,"SAILPOINT TECHNOLOGIES, INC.",US,United States,Kentucky,,,,,391eb2e4-181d-11f0-8284-6dfd2009e8a0,SAILPOINT TECHNOLOGIES,US,United States,Texas,Houston,77027,San Felipe Street,4265,sailpointt.xyz,https://www.sailpointt.xyz/,17139934675.0,,,Clothing,Clothing Stores,2025-03-02T00:35:13.000Z,2025-03-02T00:35:13.000Z,0.75,0.19999999999999996,1.0,1.0,0.0,0.0,0.0,0.0,True,xyz,False,False,True,suspicious_tld
433,SALESFORCE UK LIMITED,GB,United Kingdom,England,London,EC2N 4AY,Bishopsgate,110,31fb638d-1105-11ec-a8d6-03ab78afae8c,The Salesforce PM,GB,United Kingdom,England,Richmond,TW9 4QJ,Manor Grove,175,marseillanvacances.com,https://marseillanvacances.com/,447361973333.0,1.0,143246.0,Business Consulting,Business Consulting,2021-09-08T23:19:55.000Z,2024-08-10T13:52:23.000Z,0.6033333333333333,0.024022988505747023,0.7333333333333333,1.0,0.0,0.0,0.0,0.0,False,com,False,True,True,low_confidence
435,Salling Group Forsikring A/S,DK,Denmark,Central Denmark Region,Aarhus Municipality,8220,Rosbjergvej,33,ceff37a2-02d7-11ed-8baf-6351820414ca,Salling Group,DK,Denmark,Central Denmark Region,Aarhus,8220,Rosbjergvej,33,puchcykler.dk,https://puchcykler.dk/,4587783000.0,,,"Bicycle, Motorcycle & ATVs","Bicycle Shops, Parts & Accessories",2022-07-06T17:09:26.000Z,2024-08-02T13:22:16.000Z,0.7347804878048783,0.0,0.6341463414634146,1.0,0.5,1.0,0.8,1.0,False,dk,False,True,True,low_confidence
439,SAP DANMARK A/S,DK,Denmark,Capital Region Of Denmark,Copenhagen,2100,Lautrupsgade,11,066eca52-93e5-11eb-919a-b3f9a5ad205c,SAP HANA,DK,Denmark,,,,,,saphana.dk,https://saphana.dk/,4522259484.0,75.0,14661808.0,Software & IT Services,Software Development Services,2019-11-25T15:44:12.000Z,2024-11-05T02:26:48.000Z,0.5347826086956522,0.007115942028985467,0.6086956521739131,1.0,0.0,0.0,0.0,0.0,False,dk,False,True,True,low_confidence
440,SAS INSTITUTE AS,NO,Norway,Oslo,Oslo,0256,Parkveien,55,06bef23d-ae8e-11ef-9eca-7fabbf10324c,SAS Institute,IN,India,Andhra Pradesh,Hyderabad,500036,,,sasinstitute.in,https://sasinstitute.in/,917799098666.0,,,Professional Schools,"Learning, Tutoring & Courses",2023-06-24T23:20:38.517Z,2025-04-21T02:11:07.403Z,0.55,0.009238095238095267,1.0,0.0,0.0,0.0,0.0,0.0,False,in,True,True,True,"low_confidence,country_mismatch"
445,SFDC IRELAND LIMITED,IE,Ireland,Leinster,Dublin,D06 K2F3,Belgrave Square North,60,16a72a26-93e5-11eb-b5f6-816dd10ac7b0,SFDC,US,United States,Virginia,Alexandria,22309,Richmond Highway,8350,sfdc.org,https://sfdc.org/,17034953118.0,1.0,201486.0,Government,"Executive, Legislative & Government Institutions",2019-11-24T12:07:53.000Z,2025-04-03T16:46:37.672Z,0.275,0.0,0.5,0.0,0.0,0.0,0.0,0.0,False,org,True,True,True,"low_confidence,country_mismatch"
450,"SHENZHEN SKYWORTH DIGITAL TECHNOLOGY CO., LTD.",CN,China,Guangdong Province,Shenzhen,518057,,,02f80969-e7b5-11ed-ad08-af303e1f5d45,Shenzhen Xinxiapu Digital Technology Devlopment Limited Company,CN,China,Guangdong Province,Shenzhen,518028,Hongli Road,903,,,8675583767775.0,,,Consumer Electronics & Appliances,Electronics Stores,2023-05-01T00:11:43.437Z,2025-03-28T12:54:47.103Z,0.6710843373493977,0.015911923556294227,0.6746987951807228,1.0,1.0,0.0,0.0,0.0,False,,False,True,True,low_confidence
451,SHIELDS ENVIRONMENTAL GROUP LTD,GB,United Kingdom,England,South Ockendon,RM15 4YE,Kerry Avenue,,45df9fc2-aa7d-11ec-916d-7916524b3224,Shields Group,GB,United Kingdom,England,Stratford-upon-Avon,CV37 6YR,Bridgefoot,,shields-group.co.uk,https://www.shields-group.co.uk/,447398999788.0,15.0,507704.0,Professional Schools,Fine Arts Schools,2022-03-22T23:52:39.000Z,2025-02-11T03:43:52.000Z,0.5666666666666667,0.007971014492753614,0.6666666666666666,1.0,0.0,0.0,0.0,0.0,False,uk,False,True,True,low_confidence
453,Siae Microelettronica Sdn. Bhd.,MY,Malaysia,Selangor,Petaling Jaya,47800,,,e9534e2d-1b05-11ec-a354-2380602782d7,SIAE Microelettronica SAC.,PE,Peru,Lima,Miraflores,15074,General Federico Recavarren Street,111,,,,,,Electrical & Electronic Equipment,Electronical Components Manufacturing,2021-08-18T08:11:51.000Z,2025-04-01T00:01:22.250Z,0.46851851851851856,0.006518518518518535,0.8518518518518519,0.0,0.0,0.0,0.0,0.0,False,,True,True,True,"low_confidence,country_mismatch"
456,SIGNICAT AS,NO,Norway,Trøndelag,Trondheim,7042,Beddingen,16,e08289d1-93e4-11eb-b89f-536884b3e7dd,Signicat,LT,Lithuania,Vilnius County,Vilnius,LT-11341,Paupio G.,50,signicat.com,https://www.signicat.com/,4748075480.0,300.0,27763690.0,Software & IT Services,Tech Companies,2019-11-24T01:19:30.000Z,2025-02-11T02:01:44.000Z,0.55,0.18333333333333335,1.0,0.0,0.0,0.0,0.0,0.0,False,com,True,False,True,country_mismatch
458,SINGTEL GLOBAL INVESTMENT PTE. LTD.,SG,Singapore,Central,Singapore,239732,Exeter Road,31,0cb473fa-f6e1-11ec-a34e-db0bb32b96ad,Robo Global Investment,SG,Singapore,Central,Singapore,178957,,,roboglobal.info,https://roboglobal.info/,,5.0,2165247.0,Investment Firms & Consultants,Investment Consultants & Financial Advisors,2022-06-25T19:55:42.000Z,2024-11-26T00:53:33.543Z,0.7212765957446808,0.07905437352245859,0.7659574468085106,1.0,1.0,0.0,0.0,0.0,True,info,False,False,True,suspicious_tld
459,SiPM,BE,Belgium,Limburg,Hasselt,3500,Koning Boudewijnlaan,20A,b4f0991a-2de9-11ed-9aba-99765e777111,SIPM,AU,Australia,New South Wales,Sydney,2000,York Street,8/89,sipm.com.au,http://www.sipm.com.au/,61292999009.0,75.0,29160844.0,General Contractors & Heavy Construction,Construction Services,2022-09-06T11:36:23.000Z,2025-04-03T00:08:52.170Z,0.55,0.0,1.0,0.0,0.0,0.0,0.0,0.0,False,au,True,True,True,"low_confidence,country_mismatch"
464,Smartly.io Holding Inc,FI,Finland,Uusimaa,Helsinki,00100,,,02ae3007-0b07-11ed-9b0c-2b52bdce42f8,Ekman Holding Oy.,FI,Finland,South Karelia,Lappeenranta,53500,Toikansuontie,19 A,ekmanholding.fi,http://www.ekmanholding.fi/,35855433300.0,30.0,16853280.0,Industrial Machinery,Heavy Construction Equipment,2022-07-24T03:37:27.000Z,2025-04-05T05:08:49.094Z,0.5548387096774194,0.0012672811059908362,0.6451612903225806,1.0,0.0,0.0,0.0,0.0,False,fi,False,True,True,low_confidence
467,SNOW AS,NO,Norway,Viken,Bærum,1369,Hammerstadveien,1,b4e8976a-1184-11ec-8bef-4988316d3539,Snow Stock,NO,Norway,Viken,Kongsberg,3616,Funkeliaveien,105,snowstock.no,https://snowstock.no/,4791595268.0,75.0,38199664.0,Sports,Race Tracks & Racing Supplies,2021-09-09T14:44:00.000Z,2025-04-19T22:39:06.301Z,0.5142857142857142,0.04717460317460309,0.5714285714285714,1.0,0.0,0.0,0.0,0.0,False,no,False,True,True,low_confidence
468,"SoftwareONE Co., Ltd.",TH,Thailand,Bangkok,Pathum Wan,10330,Witthayu Road,1402,1c568f21-ef82-11ee-99aa-8b980cad1cb9,SoftwareOne,,,,,,,,softwareone.digital,https://softwareone.digital/,,,,Software & IT Services,Software Development Services,2024-03-10T16:35:27.000Z,2024-11-29T04:33:45.000Z,0.55,0.023913043478260843,1.0,0.0,0.0,0.0,0.0,0.0,False,digital,True,True,True,"low_confidence,country_mismatch"
470,SOFTWAREONE PTE. LTD.,SG,Singapore,Central,Singapore,189720,Beach Road,150,1c568f21-ef82-11ee-99aa-8b980cad1cb9,SoftwareOne,,,,,,,,softwareone.digital,https://softwareone.digital/,,,,Software & IT Services,Software Development Services,2024-03-10T16:35:27.000Z,2024-11-29T04:33:45.000Z,0.55,0.023913043478260843,1.0,0.0,0.0,0.0,0.0,0.0,False,digital,True,True,True,"low_confidence,country_mismatch"
471,SONY MOBILE COMMUNICATIONS AB,SE,Sweden,Skåne County,Lund,223 62,Mobilvägen,4,df703dc0-fe05-11ed-86aa-fd7967b4c1d9,Sony Store,SE,Sweden,Skåne County,Lund,223 62,Mobilvägen,4,,,46703129139.0,,,,,2023-05-29T09:46:07.718Z,2025-03-28T02:10:08.656Z,0.6498888888888891,0.044625730994152235,0.3888888888888889,1.0,1.0,1.0,0.8,1.0,False,,False,True,True,low_confidence
474,Splunk Inc.,US,United States,Mississippi,,,,,dc3d014e-25aa-11ef-84bb-3b7d91468c81,Splunk,US,United States,Pennsylvania,State College,16802,West College Avenue,201,support.splunk.psu.edu,https://www.support.splunk.psu.edu/,,,,Software & IT Services,Software Development Services,2024-06-06T17:54:37.000Z,2024-06-07T06:28:16.000Z,0.75,0.0,1.0,1.0,0.0,0.0,0.0,0.0,False,edu,False,True,True,low_confidence
476,SQUARETRADE EUROPE LIMITED,MT,Malta,Central Region,Birkirkara,,,,22b4fac0-5b0a-11ed-8fd6-0b23d22de7da,SquareTrade,,,,,,,,mercuryinsurancewarranty.com,https://mercuryinsurancewarranty.com/,,,,Insurance,"Insurance - Agents, Carriers & Brokers",2022-10-31T23:19:00.000Z,2023-12-08T22:02:00.000Z,0.41724137931034483,0.0,0.7586206896551724,0.0,0.0,0.0,0.0,0.0,False,com,True,True,True,"low_confidence,country_mismatch"
477,SQUARETRADE LIMITED,GB,United Kingdom,England,London,W1F 9BS,Golden Square,,2c43d957-93e5-11eb-8474-3bbe2d07207d,SquareTrade,GB,United Kingdom,England,London,W1F 9BS,Golden Square,,squaretrade.uk,http://squaretrade.uk/,,75.0,7911480.0,Insurance,"Insurance - Agents, Carriers & Brokers",2020-05-16T03:05:28.000Z,2024-11-28T22:54:38.000Z,0.9560000000000001,0.023913043478260843,1.0,1.0,1.0,1.0,0.8,0.0,False,uk,False,True,True,low_confidence
482,SUBEX (ASIA PACIFIC) PTE. LIMITED,SG,Singapore,,,,,,01a693ee-93e5-11eb-91fb-73d498260b10,Subex,DO,Dominican Republic,,,,,,subexrd.com,https://www.subexrd.com/,18492612552.0,,,Gas Stations,Gas Stations,2020-07-30T19:01:08.000Z,2024-01-02T08:10:35.000Z,0.33913043478260874,0.10000000000000003,0.43478260869565216,0.0,1.0,0.0,0.0,0.0,False,com,True,True,True,"low_confidence,country_mismatch"
483,SUBEX (UK) LIMITED,GB,United Kingdom,England,Harrow,HA1 1JU,St. Anns Road,"Rama Apartments, 17",1282add6-93e5-11eb-a736-0f5b20ecb2f1,SUBEX,EG,Egypt,Red Sea,Hurghada,84512,Sahl Hashish Road,,subex.org,https://subex.org/,201280667008.0,75.0,1775361.0,Sports,Diving Center,2019-11-27T05:49:43.000Z,2025-04-21T06:03:31.745Z,0.42307692307692313,0.0,0.7692307692307693,0.0,0.0,0.0,0.0,0.0,False,org,True,True,True,"low_confidence,country_mismatch"
495,Tata Communications International Pte. Ltd.,SG,Singapore,Central,Singapore,068815,Shenton Way,5,63cd6ee2-2503-11ec-ada5-21fec46afdaa,Tata Steel International S Pte. Ltd.,SG,Singapore,Central,Singapore,178957,Tanjong Kling Road,22,,,6562976678.0,,,,,2021-10-03T05:22:29.000Z,2025-04-18T08:36:41.814Z,0.6728813559322034,0.047226183518410236,0.6779661016949152,1.0,1.0,0.0,0.0,0.0,False,,False,True,True,low_confidence
497,"TATA CONSULTANCY SERVICES LIMITED, FILIAL AF TATA CONSULTANCY SERVICES LTD.,INDIEN",DK,Denmark,Capital Region Of Denmark,Copenhagen,1560,Kalvebod Brygge,45,f875b097-bf89-11ec-a505-d94087b31ae6,TATA SKO,DK,Denmark,Capital Region Of Denmark,Copenhagen,1440,,,tatasko.dk,https://www.tatasko.dk/,,5.0,,,,2022-04-19T02:36:20.000Z,2024-11-24T00:53:42.329Z,0.3868421052631579,0.06645375574859474,0.15789473684210525,1.0,1.0,0.0,0.0,0.0,False,dk,False,True,True,low_confidence
498,TATA CONSULTANCY SERVICES SVERIGE AB,SE,Sweden,,,,,,0fb6f630-08ac-11ee-8fff-592c90920b7e,Tata Consultancy Services. Sep,,,,,,,,workfood.eu,https://workfood.eu/,62351451953.0,,,Social Services,Housing Programs,2023-06-11T22:07:50.000Z,2023-08-25T14:04:12.000Z,0.5967741935483871,0.02263626251390438,0.9032258064516129,0.0,1.0,0.0,0.0,0.0,False,eu,True,True,True,"low_confidence,country_mismatch"
50,ARY COMMUNICATIONS LIMITED,PK,Pakistan,Sindh,Karachi,75530,Abdullah Haroon Road,,7f6e1749-93e4-11eb-919a-b3f9a5ad205c,Unisoft Computer & Communication,PK,Pakistan,Punjab,Lahore,54000,Ghalib Road,,unisoftcc.com,http://www.unisoftcc.com/,924235879008.0,75.0,455928.0,Consumer Electronics & Appliances,Electronics Stores,2020-10-29T07:40:23.000Z,2025-04-18T06:10:07.220Z,0.5173076923076922,0.013461538461538303,0.5769230769230769,1.0,0.0,0.0,0.0,0.0,False,com,False,True,True,low_confidence
500,TD SYNNEX Denmark ApS,DK,Denmark,Central Denmark Region,Viborg Municipality,9632,Hovedvejen,1,371ded3a-050b-11ec-b7e0-8fc0efd30565,Den Rullende Koks,DK,Denmark,Central Denmark Region,Viborg,9632,Hovedvejen,1,denrullendekok.dk,https://denrullendekok.dk/,4553731112.0,15.0,1085102.0,Restaurants,Catering & Delivery,2021-08-24T06:46:23.000Z,2025-03-27T01:29:09.930Z,0.5596842105263159,0.021879332477535374,0.3157894736842105,1.0,0.5,1.0,0.8,1.0,False,dk,False,True,True,low_confidence
504,Tech Mahindra Ict Services (Malaysia) Sdn. Bhd.,MY,Malaysia,Selangor,Cyberjaya,63000,Persiaran APEC,lot 12122,00beab84-918f-11ed-8109-cd2bc6a86027,Aital Homenursing Care Services,MY,Malaysia,Selangor,Cyberjaya,63000,Persiaran APEC,3730,aitalhomenursingcareservices.com.my,https://aitalhomenursingcareservices.com.my/,60188748565.0,75.0,1026601.0,Social Services,Home Health Care,2023-01-08T16:27:58.000Z,2025-04-03T11:43:06.559Z,0.6141081081081082,0.002750965250965298,0.3783783783783784,1.0,1.0,1.0,0.8,0.0,False,my,False,True,True,low_confidence
507,Telekom Malaysia Berhad,MY,Malaysia,Kuala Lumpur,Kuala Lumpur,50603,Jalan Pantai Baharu,,005ce289-9a7b-11ef-8d84-8d1c2933c379,Telekom Malaysia Berhad Sundar,MY,Malaysia,Sarawak,Sundar,,,,,,,,,Telecommunication Services,Telecommunications,2024-11-04T07:02:47.877Z,2025-04-18T21:52:08.840Z,0.6773584905660378,0.026076439283986508,0.8679245283018868,1.0,0.0,0.0,0.0,0.0,False,,False,True,True,low_confidence
51,"Ascio Technologies, Corp. Danmark - Filial af Ascio Technologies Corp. Canada",DK,Denmark,Capital Region Of Denmark,Gentofte Municipality,2900,Tuborg Boulevard,3,c7288490-93e4-11eb-8859-29e7c34dee35,Ascio Technologies,DK,Denmark,Capital Region Of Denmark,Copenhagen,2300,Ørestads Boulevard,108,ascio.com,https://www.ascio.com/,4533886100.0,71.0,5400000.0,Telecommunication Services,Hosting & Cloud Infrastructure Providers,2019-11-24T11:08:26.000Z,2025-03-15T17:21:42.000Z,0.4475,0.14202054794520547,0.45,1.0,0.0,0.0,0.0,0.0,False,com,False,True,True,low_confidence
512,TELENOR D.O.O. BEOGRAD,RS,Serbia,City Of Belgrade,Belgrade,11070,Омладинских Бригада,90,8fff5635-4338-11ef-a037-c55803b26056,Yettel bank,RS,Serbia,City Of Belgrade,New Belgrade,11070,Омладинских Бригада,88,yettelbank.rs,https://www.yettelbank.rs/,,500.0,7626701.0,Banks & Financial Services,Banks & ATMs,2024-06-22T00:26:14.000Z,2025-04-04T11:44:14.609Z,0.50625,0.01677631578947364,0.375,1.0,0.5,1.0,0.0,0.0,False,rs,False,True,True,low_confidence
514,TELENOR DIGITAL AS,NO,Norway,Viken,Bærum,1360,,,0e5f5346-ef74-11ee-a589-df5b398caaa4,Telenor Towers,NO,Norway,Viken,Bærum,1360,Snarøyveien,30,telenortowers.com,https://www.telenortowers.com/,4722773000.0,83.0,62483416.0,Telecommunication Services,Telecommunications,2021-09-03T04:35:22.000Z,2024-12-04T13:19:20.000Z,0.6913793103448277,0.011379310344827642,0.6206896551724138,1.0,1.0,1.0,0.0,0.0,False,com,False,True,True,low_confidence
52,ASIAINFO DENMARK ApS,DK,Denmark,Capital Region Of Denmark,Copenhagen,2100,,,0174ef42-0600-11ec-b0e6-bd1b9cb60ae6,Norm Denmark,DK,Denmark,Capital Region Of Denmark,Gentofte Municipality,2900,,,normdenmark.com,http://normdenmark.com/,,30.0,8723712.0,"Watches, Jewelry & Accessories",Watches & Jewelry Stores,2021-08-25T12:25:45.000Z,2025-04-03T05:08:40.663Z,0.54375,0.03437499999999993,0.625,1.0,0.0,0.0,0.0,0.0,False,com,False,True,True,low_confidence
524,TELENOR REAL ESTATE AS,NO,Norway,Viken,Bærum,1360,,,1ac82415-93e5-11eb-be3a-7f925cb94351,Telenor Expo,NO,Norway,Viken,Bærum,1360,Snarøyveien,30E,telenorexpo.no,https://www.telenorexpo.no/,4781533111.0,,,Entertainment,Event Planner Services,2019-12-05T10:59:55.000Z,2025-03-27T07:34:10.191Z,0.6693548387096775,0.005069124423963234,0.5806451612903226,1.0,1.0,1.0,0.0,0.0,False,no,False,True,True,low_confidence
529,Teliti Teknik Sdn Bhd,MY,Malaysia,Selangor,Shah Alam,40160,,,bdf9ef01-b77a-11ed-be56-5737ab22b0ef,TELITI TEKNIK,MY,Malaysia,Selangor,Sungai Buloh,40160,Jalan Nautika B U20/B,1,telititeknik.com.my,http://www.telititeknik.com.my/,60361480728.0,,,Telecommunication Services,Telecommunications,2023-02-28T13:26:52.000Z,2025-04-17T20:37:14.470Z,0.6705882352941177,0.04558823529411771,0.7647058823529411,1.0,0.0,1.0,0.0,0.0,False,my,False,True,True,low_confidence
532,SETEC CARD A/S,DK,Denmark,Capital Region Of Denmark,Ballerup,2750,Industriparken,39,01c5112c-003d-11ec-898f-a3255f04c287,SETEC,AT,Austria,Styria,Kindberg,8644,Grazer Straße,41,setec-gmbh.at,http://www.setec-gmbh.at/,4366488228429.0,75.0,,Renewable energy,Solar Energy Company,2021-08-18T14:46:28.000Z,2025-03-26T21:06:14.325Z,0.2894736842105263,0.0,0.5263157894736842,0.0,0.0,0.0,0.0,0.0,False,at,True,True,True,"low_confidence,country_mismatch"
534,Thales DIS Sweden AB,SE,Sweden,Stockholm County,Stockholm,126 15,,,2cb447a0-1769-11ec-9256-c99cfa2847dc,DIS of Sweden,SE,Sweden,Västra Götaland County,Gothenburg,411 10,,,dis-sweden.org,https://www.dis-sweden.org/,4631478093.0,6.0,,NGOs,Social Services & NGOs,2022-01-15T17:22:47.000Z,2024-11-13T09:18:28.000Z,0.5666666666666667,0.04731182795698918,0.6666666666666666,1.0,0.0,0.0,0.0,0.0,False,org,False,True,True,low_confidence
535,TIETOEVRY NORWAY AS,NO,Norway,Viken,Bærum,1360,,,6f4c5255-03a6-11ec-9097-bf5acc5341db,TietoEVRY,NO,Norway,Nordland,Mo I Rana,8626,Stigerplatåveien,21,evrycard.no,https://evrycard.no/,4791721311.0,150.0,96193576.0,Banks & Financial Services,Payment Processing & Point of Sale,2021-08-22T22:27:14.000Z,2024-11-29T22:56:18.000Z,0.5960000000000001,0.018857142857142906,0.72,1.0,0.0,0.0,0.0,0.0,False,no,False,True,True,low_confidence
536,TIETOEVRY TECH SERVICES NORWAY AS,NO,Norway,Viken,Bærum,1360,Snarøyveien,30A,8dfb5f3d-93e4-11eb-a33a-a3dfba582839,Negotia,NO,Norway,Viken,Bærum,1360,Snarøyveien,30A,negotiaevry.org,https://negotiaevry.org/,,,,Software & IT Services,Tech Companies,2020-06-08T11:53:16.000Z,2025-03-10T19:54:40.000Z,0.5251891891891892,0.010903474903474986,0.16216216216216217,1.0,1.0,1.0,0.8,1.0,False,org,False,True,True,low_confidence
538,Tm Technology Services Sdn. Bhd.,MY,Malaysia,Kuala Lumpur,Kuala Lumpur,50603,Jalan Pantai Baharu,,2480f9f2-f612-11ed-ba6b-2fa5b25b3bfc,TM Management Services,MY,Malaysia,Kuala Lumpur,Kuala Lumpur,55100,Jalan Bukit Bintang,203,tmmgtservices.com.my,https://tmmgtservices.com.my/,60321499362.0,1.0,15191.0,Accountants & Tax Services,Accounting & Bookkeeping Services,2023-04-28T23:35:16.766Z,2025-04-17T00:51:15.518Z,0.5750000000000001,1.1102230246251565e-16,0.5,1.0,1.0,0.0,0.0,0.0,False,my,False,True,True,low_confidence
539,Tongyu Communication Inc.,CN,China,Guangdong Province,Guzhen,528421,Caosan Gongye Avenue Middle East 2nd Road,,2b94d4a1-93e5-11eb-b89f-536884b3e7dd,Tongyu Communication,CN,China,Guizhou,Guandong,,,,tongyucom.com,https://tongyucom.com/,8613326930396.0,,,Electrical & Electronic Equipment,Electronical Components Manufacturing,2020-06-24T21:19:45.000Z,2025-04-20T22:21:39.564Z,0.75,0.0,1.0,1.0,0.0,0.0,0.0,0.0,False,com,False,True,True,low_confidence
541,TPM DATA ApS,DK,Denmark,Capital Region Of Denmark,Smørumnedre,2765,Rendebæksvej,19,0176f865-93e5-11eb-91fb-73d498260b10,Oticon A/S.,DK,Denmark,Capital Region Of Denmark,Smørumnedre,2765,Kongebakken,9,oticon.nl,https://www.oticon.nl/,4592927000.0,,,Medical Equipment & Supplies,Medical Supply Manufacturers,2019-11-24T01:41:03.000Z,2025-03-28T05:42:06.205Z,0.6000000000000001,0.017333333333333423,0.45454545454545453,1.0,1.0,1.0,0.0,0.0,False,nl,False,True,True,low_confidence
548,TT DOTCOM SDN. BHD.,MY,Malaysia,Selangor,Shah Alam,40150,,,8f3823fb-e950-11ed-ae60-5967c8ecc505,TT DotCom Sdn. Bhd - Johor Operation Engineering Office,MY,Malaysia,Johor,Tebrau,81100,Jalan Riang 23,,,,601800181818.0,,,Telecommunication Services,Telecommunications,2023-05-03T01:17:29.096Z,2025-04-16T11:04:58.637Z,0.47500000000000003,0.09900000000000003,0.5,1.0,0.0,0.0,0.0,0.0,False,,False,True,True,low_confidence
551,TXO SYSTEMS LTD,GB,United Kingdom,Wales,Chepstow,NP16 6UP,Newhouse Farm Industrial Estate,Unit 3,a4e5eb10-93e4-11eb-be3a-7f925cb94351,TXO Systems,GB,United Kingdom,Wales,Chepstow,NP16 6UP,Newhouse Farm Industrial Estate,Unit 3,txo.com,https://www.txo.com/,5543998040524.0,160.0,66500000.0,Telecommunication Services,Telecommunications,2020-06-24T21:40:23.000Z,2025-02-13T15:45:17.000Z,0.9860000000000001,0.030000000000000027,1.0,1.0,1.0,1.0,0.8,1.0,False,com,False,True,True,low_confidence
552,UIPATH SRL,RO,Romania,Bucharest,Bucharest,,,,fbd80a51-3243-11ec-9985-d11c4bd35db5,UiPath Foundation,RO,Romania,Bucharest,Bucharest,010616,Strada Căderea Bastiliei,39,uipathfoundation.com,https://uipathfoundation.com/,,75.0,932032.0,Social Services,Community Center,2021-10-01T16:01:14.000Z,2025-03-26T06:23:20.155Z,0.5869565217391305,0.03311036789297661,0.5217391304347826,1.0,1.0,0.0,0.0,0.0,False,com,False,True,True,low_confidence
553,Unit Trust Of Pakistan,PK,Pakistan,Sindh,Saddar Town,75600,,,000a16f1-de4e-11ed-a204-01928eda0b9b,Uniteam,PK,Pakistan,Sindh,Saddar Town,75600,Service Lane,"Suite# 302-303, 3rd Floor, Zone C Block 7 Clifton",uniteam.com.pk,http://uniteam.com.pk/,922135861355.0,75.0,280704.0,Engineering Services,Other Engineering Services,2023-04-18T23:53:29.000Z,2025-03-18T17:41:27.184Z,0.5396551724137931,0.01965517241379311,0.3448275862068966,1.0,1.0,1.0,0.0,0.0,False,pk,False,True,True,low_confidence
554,"UNITED INFORMATION HIGHWAY CO., LTD.",TH,Thailand,Bangkok,Chatuchak District,10900,Kamphaeng Phet 6 Road,,0024a303-16a5-11ee-bea0-096da792cd7e,United States Sound,TH,Thailand,Phuket Province,Phuket,83000,,,,,66806899489.0,,,Consumer Electronics & Appliances,Electronics Stores,2023-06-29T17:44:48.425Z,2025-03-18T22:25:17.548Z,0.4688888888888889,0.03555555555555556,0.4888888888888889,1.0,0.0,0.0,0.0,0.0,False,,False,True,True,low_confidence
557,VANTIVA TECHNOLOGIES,FR,France,Ile-de-France,Paris,75015,Boulevard De Grenelle,10,0330dd63-93e5-11eb-a746-fdabd18be9c6,Vantiva,FR,France,Ile-de-France,Issy-les-Moulineaux,,,,vantiva.com,http://www.vantiva.com/,18664923362.0,16676.0,3110750208.0,Telecommunication Services,Hosting & Cloud Infrastructure Providers,2020-10-29T08:24:45.000Z,2025-04-18T22:45:54.540Z,0.4851851851851852,0.1551851851851852,0.5185185185185185,1.0,0.0,0.0,0.0,0.0,False,com,False,True,True,low_confidence
558,Vertiv (Malaysia) Sdn. Bhd.,MY,Malaysia,Selangor,Petaling Jaya,46200,,,2c4e0c60-b8a1-11eb-8bd4-f9c9a1d88595,VERTIV,US,United States,Ohio,Westerville,43082,North Cleveland Avenue,505,vertiv.cn,https://www.vertiv.cn/,18662771924.0,,,Electrical & Electronic Equipment,Electronical Components Manufacturing,2021-05-19T11:54:20.000Z,2025-03-19T18:57:33.000Z,0.22758620689655173,0.0,0.41379310344827586,0.0,0.0,0.0,0.0,0.0,False,cn,True,True,True,"low_confidence,country_mismatch"
559,"VERTIV (THAILAND) CO., LTD.",TH,Thailand,Bangkok,Chatuchak,10900,,,ccf9e8fb-6dae-11ec-a0a5-5d41d5e823b0,Vertiv,JP,Japan,Tokyo,Tokyo,108-0073,Daiichi Keihin,3,vertiv-jp.com,https://www.vertiv-jp.com/,81357307500.0,,,Consumer Electronics & Appliances,Computer Stores,2022-01-04T19:10:10.000Z,2025-03-22T03:08:07.466Z,0.3142857142857143,0.0,0.5714285714285714,0.0,0.0,0.0,0.0,0.0,False,com,True,True,True,"low_confidence,country_mismatch"
56,NP Investment A/S,DK,Denmark,Capital Region Of Denmark,Hillerød,3400,Kongens Vænge,8,0b8b2e18-18f0-11ef-94c1-65c1f9fff714,Np Finans A/S.,DK,Denmark,Region Zealand,Slagelse Municipality,4200,Valbyvej,69E,,,,,,,,2024-05-23T10:33:44.047Z,2025-03-31T09:47:22.836Z,0.5666666666666667,0.009909909909909809,0.6666666666666666,1.0,0.0,0.0,0.0,0.0,False,,False,True,True,low_confidence
560,Vertiv Energy Private Limited,IN,India,Maharashtra,Thane,400604,Wagle Circle,,3dab2b4c-b0d3-11ef-95f9-0de7499436cf,Vertiv Energy Private Limited,IN,India,Maharashtra,Pune,411040,,,,,924236622526.0,,,Finishing Contractors,Heating & Air Conditioning,2021-07-27T16:21:16.000Z,2025-04-20T05:13:18.944Z,0.75,0.0,1.0,1.0,0.0,0.0,0.0,0.0,False,,False,True,True,low_confidence
561,VERTIV (SINGAPORE) PTE. LTD.,SG,Singapore,Southeast,Singapore,556741,Lorong Chuan,151,f7c59602-93e4-11eb-b5f6-816dd10ac7b0,2nd phase design,SG,Singapore,Southeast,,389731,Geylang East Central,1016,2ndphasedesign.com,https://www.2ndphasedesign.com/,6562693990.0,35.0,10906026.0,Architecture & Planning,Decorators & Interior Designers,2020-04-22T14:54:21.000Z,2025-01-18T20:45:02.000Z,0.371875,0.07187500000000002,0.3125,1.0,0.0,0.0,0.0,0.0,False,com,False,True,True,low_confidence
564,MV-NORDIC A/S,DK,Denmark,Region Of Southern Denmark,Odense Kommune,5000,Edisonsvej,4,387071d4-9f86-11ec-bb62-ef8222f30268,Mv-nordic Danmark,DK,Denmark,Region Of Southern Denmark,Odense,5260,,,,,4565918022.0,,365000.0,Software & IT Services,Software Development Services,2023-01-23T20:29:25.460Z,2024-11-27T06:26:44.383Z,0.6533333333333333,0.02733333333333321,0.7333333333333333,1.0,0.5,0.0,0.0,0.0,False,,False,True,True,low_confidence
574,WOODLANDS TRANSPORT SOLUTIONS PTE. LTD.,SG,Singapore,Southeast,Singapore,408727,Ubi Road 1,61,3a3d6cb0-93e5-11eb-8ad6-7326edce8d21,Woodlands Transport,SG,Singapore,Central,Singapore,627864,Gul Circle,8,woodlandstransport.com.sg,https://www.woodlandstransport.com.sg/,6565598988.0,,,Passenger Transport Services,"Buses, Shuttles & Local Transit",2019-11-24T10:54:34.000Z,2025-04-18T10:41:04.986Z,0.7354166666666667,0.003273809523809623,0.7916666666666666,1.0,1.0,0.0,0.0,0.0,False,sg,False,True,True,low_confidence
58,AV CENTER AALBORG ApS,DK,Denmark,North Denmark Region,Nørresundby,9400,Stenholm,1,b011b872-93e4-11eb-b4a6-27899be4e45d,AV CENTER,DK,Denmark,Capital Region Of Denmark,Brøndbyvester,2605,Søndre Ringvej,39,avcenter.dk,https://www.avcenter.dk/,4557820868.0,190.0,10000000.0,"Rental, Repair & Maintenance",Computer Repair & Service,2019-11-24T10:58:11.000Z,2024-11-27T01:41:22.647Z,0.53,0.030000000000000027,0.6,1.0,0.0,0.0,0.0,0.0,False,dk,False,True,True,low_confidence
585,ZHONGXING TELECOM PAKISTAN (PRIVATE) LIMITED,PK,Pakistan,,,,,,47febe11-febb-11ed-8087-5f700cefa330,ZTE Zhongxing Telecom Pakistan Pvt Ltd.,PK,Pakistan,Punjab,Multan,60700,,,,,,,,Telecommunication Services,Telecommunications,2023-05-30T07:24:47.329Z,2025-03-19T10:52:06.378Z,0.6852941176470588,0.008627450980392082,0.8823529411764706,1.0,0.0,0.0,0.0,0.0,False,,False,True,True,low_confidence
586,ZIFF DAVIS IRELAND LIMITED,IE,Ireland,Leinster,Dublin 2,D02 VK60,Sir John Rogerson's Quay,,6ac40f09-b5a6-11ef-b1e0-ebdf69cc9c4f,Ziff Davis,US,United States,New York,New York,10010,Park Avenue South,360,zyzvpn.pages.dev,https://zyzvpn.pages.dev/,,,,Telecommunication Services,Cable & Internet Providers,2024-12-05T06:45:22.000Z,2024-12-05T07:11:07.000Z,0.3928571428571429,0.0,0.7142857142857143,0.0,0.0,0.0,0.0,0.0,False,dev,True,True,True,"low_confidence,country_mismatch"
588,Zte (Thailand) Co Ltd,TH,Thailand,Bangkok,Sathon District,10120,,,3a1f7b24-683a-11ee-92e5-016d0f508b74,ZTE Thailand,TH,Thailand,Bangkok,Sathon,10120,Naradhiwas Rajanagarindra Road,,,,,79.0,5095857.0,Telecommunication Services,Telecommunications,2023-10-11T13:28:16.078Z,2024-11-07T19:15:04.262Z,0.8500000000000001,0.0,1.0,1.0,0.5,1.0,0.0,0.0,False,,False,True,True,low_confidence
59,aviat networks bangladesh ltd.,BD,Bangladesh,,,,,,0fc3f2d0-0453-11ed-b02a-97e9d5b4bc17,Aviat Networks,,,,,,,,aviatservices.com,http://aviatservices.com/,,,,,,2022-07-10T15:56:28.000Z,2024-11-25T12:32:32.599Z,0.4948717948717949,0.02598290598290598,0.717948717948718,0.0,1.0,0.0,0.0,0.0,False,com,True,True,True,"low_confidence,country_mismatch"
60,Aviat Networks Japan LLC,JP,Japan,,,,,,a3b73ba0-c4fc-11ec-b6cb-fdc55dfeae3a,Aviat Networks,,,,,,,,aviatnetworks.wordpress.com,https://aviatnetworks.wordpress.com/,,,,Telecommunication Services,Cable & Internet Providers,2022-04-26T03:41:15.000Z,2024-02-19T14:47:43.000Z,0.5529411764705883,0.0,0.8235294117647058,0.0,1.0,0.0,0.0,0.0,False,com,True,True,True,"low_confidence,country_mismatch"
61,AWAN DISTRIBUTION FZC,AE,United Arab Emirates,Sharjah Emirate,Sharjah,,,,90786d2c-93e4-11eb-a33a-a3dfba582839,AWAN DISTRIBUTION,SG,Singapore,Central,Singapore,178957,,,awandistribution.com,https://awandistribution.com/,922132786675.0,75.0,128811808.0,Consumer Electronics & Appliances,Electronics Stores,2020-02-19T18:36:12.000Z,2025-02-24T19:18:34.000Z,0.49210526315789477,0.025438596491228094,0.8947368421052632,0.0,0.0,0.0,0.0,0.0,False,com,True,True,True,"low_confidence,country_mismatch"
66,"BB CONNECT CO.,LTD.",TH,Thailand,,,,,,d57e2265-193a-11f0-abd2-b1121b4598c4,Bb connect,ZA,South Africa,,,,,,bb-connect.co.za,https://bb-connect.co.za/,27814397980.0,,,Marketing & Advertising Agencies,Digital & Marketing Agencies,2025-03-04T19:00:42.000Z,2025-03-04T19:00:42.000Z,0.65,0.02894736842105261,1.0,0.0,1.0,0.0,0.0,0.0,False,za,True,True,True,"low_confidence,country_mismatch"
68,BCD TRAVEL ASIA PACIFIC PTE. LTD.,SG,Singapore,Central,Singapore,069046,McCallum Street,20,19b7bf64-6a16-11ec-b931-3729d84df188,BCD Engineering,SG,Singapore,Central,Singapore,567761,Ang Mo Kio Industrial Park 2A,20,bcdglobal.com.sg,http://www.bcdglobal.com.sg/,6564822808.0,75.0,18452336.0,Finishing Contractors,Heating & Air Conditioning,2021-12-29T18:22:23.000Z,2025-04-21T03:56:15.960Z,0.5036842105263158,0.016450167973124374,0.3157894736842105,1.0,1.0,0.0,0.0,1.0,False,sg,False,True,True,low_confidence
7,A.T. KEARNEY AB,SE,Sweden,,,,,,08330b7d-aeb0-11ef-ac6a-636c4f5076ef,AT RÖRSERVICE,SE,Sweden,Stockholm County,Stockholm,126 41,Juvelerarvägen,23,vvshagersten.se,https://www.vvshagersten.se/,46704000270.0,25.0,3987137.0,Finishing Contractors,Plumbing Services,2024-11-17T12:01:30.000Z,2024-12-12T17:40:06.000Z,0.47500000000000003,0.05499999999999999,0.5,1.0,0.0,0.0,0.0,0.0,False,se,False,True,True,low_confidence
71,"Beijing Dynamic Power Co., Ltd",CN,China,Beijing,Fengtai District,100070,,,d037a93e-18b9-11f0-94fa-471c68e22274,Beijing High-tech Dynamic Power Co. Ltd.,CN,China,Beijing,Fengtai District,100070,,,htdp.com.cn,https://htdp.com.cn/,8617316364912.0,,,Electrical & Electronic Equipment,Electric Supplies & Power Generation,2025-02-22T04:03:43.000Z,2025-03-09T22:24:06.000Z,0.7942307692307693,0.03896761133603244,0.8076923076923077,1.0,1.0,1.0,0.0,0.0,False,cn,False,True,True,low_confidence
72,BIGID INC.,US,United States,Florida,,,,,1cdc1a43-6dce-11ec-a314-7d00415f726f,BigID,US,United States,New York,New York,10011,6th Avenue,641,bigid.me,https://bigid.me/,,,,Software & IT Services,Software Development Services,2022-01-04T16:46:42.000Z,2024-11-26T13:39:32.272Z,0.75,0.0,1.0,1.0,0.0,0.0,0.0,0.0,False,me,False,True,True,low_confidence
8,A. T. KEARNEY PTE. LTD,SG,Singapore,,,,,,4f44b02e-17aa-11f0-87dc-2b7a69541cf4,ATKEARNEY,,,,,,,,atkearney.top,https://atkearney.top/#/,,,,Investment Firms & Consultants,Investment Firms & Venture Capital,2025-02-09T07:01:53.000Z,2025-02-09T07:01:53.000Z,0.5950000000000001,0.0,0.9,0.0,1.0,0.0,0.0,0.0,True,top,True,True,True,"low_confidence,country_mismatch,suspicious_tld"
91,CHINA UNICOM (SINGAPORE) OPERATIONS PTE. LTD.,SG,Singapore,Central,Singapore,038988,Temasek Boulevard,8,bd5d453c-c0b6-11ec-985b-d74077f0fb21,China Unicom Singapore,SG,Singapore,Central,Singapore,038988,Temasek Boulevard,8,,,,29.0,19471312.0,Telecommunication Services,Telecommunications,2022-04-20T14:28:09.000Z,2024-11-25T06:13:40.506Z,0.8760000000000002,0.026000000000000245,0.8,1.0,1.0,1.0,0.8,1.0,False,,False,True,True,low_confidence
95,CISCO INTERNATIONAL LIMITED,GB,United Kingdom,England,Feltham,TW14 8HA,New Square,9-11,4e8bfa9e-1afc-11ec-ba40-29b1c5bdeb83,Cisco International Limited,SG,Singapore,Central,Singapore,178957,Cross Street,8,,,6518005536387.0,,,,,2021-12-08T23:31:38.000Z,2025-03-19T08:54:46.311Z,0.55,0.0,1.0,0.0,0.0,0.0,0.0,0.0,False,,True,True,True,"low_confidence,country_mismatch"
97,CITERO AS,NO,Norway,Trøndelag,Trondheim,7014,Nedre Bakklandet,58C,14fe8332-93e5-11eb-8ad6-7326edce8d21,Citero,NO,Norway,Trøndelag,Trondheim,7014,Nedre Bakklandet,58C,citero.no,http://citero.no/,4791582173.0,40.0,3785642.0,Marketing & Advertising Agencies,Call Centers,2020-02-24T12:26:31.000Z,2025-04-20T11:31:13.563Z,0.9860000000000001,0.0,1.0,1.0,1.0,1.0,0.8,1.0,False,no,False,True,True,low_confidence
99,Comba Technologies Sdn. Bhd.,MY,Malaysia,Selangor,Subang Jaya,47650,Jalan USJ 25/1B,,00bc7e85-9307-11ec-9f06-a57206a728ac,OM Technologies Sdn.Bhd.,MY,Malaysia,Selangor,Petaling Jaya,47301,Jalan SS 7/26,17,,,60196653030.0,25.0,1257488.0,Investment Firms & Consultants,Investment Consultants & Financial Advisors,2022-02-21T11:05:45.000Z,2025-04-11T01:04:02.237Z,0.716326530612245,0.04780801209372654,0.9387755102040817,1.0,0.0,0.0,0.0,0.0,False,,False,True,True,low_confidence
